<Defs>
	<RulePackDef>
		<defName>NamerIdeoDeserter</defName>
		<rulePack>
			<rulesStrings>
				<li>r_ideoName->반기업주의</li>
				<li>r_ideoAdjective->반기업주의의</li>
				<li>r_memberName->반기업주의자</li>
			</rulesStrings>
		</rulePack>
	</RulePackDef>
	
	<RulePackDef>
		<defName>NamerLeaderDeserter</defName>
		<rulePack>
			<rulesStrings>
				<li>r_leaderTitle(p=6)->반 경영자</li>
				<li>r_leaderTitle(p=3)->반 관리자</li>
				<li>r_leaderTitle(p=1)->반 대표</li>
			</rulesStrings>
		</rulePack>
	</RulePackDef>
	
	<CultureDef>
		<defName>Anti-Corporatism</defName>
		<label>반기업주의</label>
		<description>기업과 어떠한 상속권력의 구조도 혐오스러운 것이며 반드시 파괴되어야만 한다... 오 물론 우리 것은 빼고.</description>
		<ideoNameMaker>NamerIdeoDeserter</ideoNameMaker>
		<festivalNameMaker MayRequire="Ludeon.RimWorld.Ideology">NamerFestivalKriminul</festivalNameMaker>
		<leaderTitleMaker>NamerLeaderDeserter</leaderTitleMaker>
		<allowedPlaceTags>
			<li MayRequire="Ludeon.RimWorld.Ideology">OriginSpacer</li>
		</allowedPlaceTags>
		<iconPath>Things/DeserterIcon</iconPath>
		<thingStyleCategories>
			<li MayRequire="Ludeon.RimWorld.Ideology">
				<category>Spikecore</category>
				<priority>1</priority>
			</li>
			<li MayRequire="Ludeon.RimWorld.Ideology">
				<category>Techist</category>
				<priority>2</priority>
			</li>
		</thingStyleCategories>
		<preferredWeaponClasses>
			<noble>Ultratech</noble>
			<despised>Neolithic</despised>
		</preferredWeaponClasses>
		<styleItemTags>
			<li>
				<tag>Punk</tag>
				<baseWeight>10</baseWeight>
				<weightFactor>1</weightFactor>
			</li>
			<li>
				<tag>Urban</tag>
				<baseWeight>1</baseWeight>
				<weightFactor>1</weightFactor>
			</li>
			<li>
				<tag>BeardPunk</tag>
				<baseWeight>10</baseWeight>
				<weightFactor>1</weightFactor>
			</li>
			<li>
				<tag>BeardUrban</tag>
				<baseWeight>1</baseWeight>
				<weightFactor>1</weightFactor>
			</li>
		</styleItemTags>
	</CultureDef>
</Defs>