<Defs>
	<RulePackDef>
		<defName>NamerIdeoGreydale</defName>
		<rulePack>
			<rulesStrings>
				<li>r_ideoName->인본주의</li>
				<li>r_ideoAdjective->인본주의의</li>
				<li>r_memberName->인본주의자</li>
			</rulesStrings>
		</rulePack>
	</RulePackDef>
	
	<RulePackDef>
		<defName>NamerLeaderGreydale</defName>
		<rulePack>
			<rulesStrings>
				<li>r_leaderTitle(p=6)->보안 관리자</li>
				<li>r_leaderTitle(p=3)->테라포밍 관리자</li>
				<li>r_leaderTitle(p=1)->훈련 관리자</li>
			</rulesStrings>
		</rulePack>
	</RulePackDef>
	
	<CultureDef>
		<defName>Anthropocentrism</defName>
		<label>인본주의</label>
		<description>인류는 별들을 정복하기 위한 존재다. 인류의 삶을 지탱하기 위해 만들어질 수 있는 모든 세계가 그 목표가 될 것이다. 그 세계의 동식물은 인류에게 봉사하기 위해 적응하게 될 것이며, 그렇지 않은 존재는 대체될 것이다.</description>
		<ideoNameMaker>NamerIdeoGreydale</ideoNameMaker>
		<festivalNameMaker MayRequire="Ludeon.RimWorld.Ideology">NamerFestivalRustican</festivalNameMaker>
		<leaderTitleMaker>NamerLeaderGreydale</leaderTitleMaker>
		<allowedPlaceTags>
			<li MayRequire="Ludeon.RimWorld.Ideology">OriginSpacer</li>
		</allowedPlaceTags>
		<iconPath>Things/GreydaleIcon</iconPath>
		<thingStyleCategories>
			<li MayRequire="rimsenal.Urb">
				<category>RSUrb</category>
				<priority>1</priority>
			</li>
			<li MayRequire="VanillaExpanded.VMemesE">
				<category>VME_Corporate</category>
				<priority>2</priority>
			</li>
			<li MayRequire="Ludeon.RimWorld.Ideology">
				<category>Techist</category>
				<priority>3</priority>
			</li>
		</thingStyleCategories>
		<preferredWeaponClasses>
			<noble>Ultratech</noble>
			<despised>Neolithic</despised>
		</preferredWeaponClasses>
		<styleItemTags>
			<li>
				<tag>Urban</tag>
				<baseWeight>1</baseWeight>
				<weightFactor>1</weightFactor>
			</li>
			<li>
				<tag>Soldier</tag>
				<baseWeight>2</baseWeight>
				<weightFactor>1</weightFactor>
			</li>
			<li>
				<tag>NoBeard</tag>
				<baseWeight>10</baseWeight>
				<weightFactor>1</weightFactor>
			</li>
			<li>
				<tag>BeardUrban</tag>
				<baseWeight>1</baseWeight>
				<weightFactor>1</weightFactor>
			</li>
			<li>
				<tag>NoTattoo</tag>
				<baseWeight>1</baseWeight>
				<weightFactor>1</weightFactor>
			</li>
		</styleItemTags>
	</CultureDef>
</Defs>