<Defs>
	<RulePackDef>
		<defName>NamerIdeoJotun</defName>
		<rulePack>
			<rulesStrings>
				<li>r_ideoName->방호주의</li>
				<li>r_ideoAdjective->방호주의의</li>
				<li>r_memberName->방호주의자</li>
			</rulesStrings>
		</rulePack>
	</RulePackDef>
	
	<RulePackDef>
		<defName>NamerLeaderJotun</defName>
		<rulePack>
			<rulesStrings>
				<li>r_leaderTitle(p=6)->선임 기술자</li>
				<li>r_leaderTitle(p=3)->선임 스칼드</li>
				<li>r_leaderTitle(p=1)->수석 기술자</li>
			</rulesStrings>
		</rulePack>
	</RulePackDef>
	
	<CultureDef>
		<defName>Bulwarkism</defName>
		<label>방호주의</label>
		<description>Tenere Lineam(라틴어, 전열을 유지하라). 메카노이드의 위협은 모든 인류에게 실존하는 위협이다. 다른 이들이 다투고 싸우는 동안, 요툰인들은 그들이 인류를 멸종으로부터 보호할 마지막 보루라는 것을 결코 잊지 않는다.</description>
		<ideoNameMaker>NamerIdeoJotun</ideoNameMaker>
		<festivalNameMaker MayRequire="Ludeon.RimWorld.Ideology">NamerFestivalCorunan</festivalNameMaker>
		<leaderTitleMaker>NamerLeaderJotun</leaderTitleMaker>
		<allowedPlaceTags>
			<li MayRequire="Ludeon.RimWorld.Ideology">OriginSpacer</li>
		</allowedPlaceTags>
		<iconPath>Things/JotunIcon</iconPath>
		<thingStyleCategories>
			<li MayRequire="VanillaExpanded.VMemesE">
				<category>Spikecore</category>
				<priority>2</priority>
			</li>
			<li MayRequire="VanillaExpanded.VMemesE">
				<category>Totemic</category>
				<priority>1</priority>
			</li>
			<li MayRequire="Ludeon.RimWorld.Ideology">
				<category>Techist</category>
				<priority>3</priority>
			</li>
		</thingStyleCategories>
		<preferredWeaponClasses>
			<noble>Ultratech</noble>
			<despised>Neolithic</despised>
		</preferredWeaponClasses>
		<styleItemTags>
			<li>
				<tag>Tribal</tag>
				<baseWeight>5</baseWeight>
				<weightFactor>1</weightFactor>
			</li>
			<li>
				<tag>Punk</tag>
				<baseWeight>5</baseWeight>
				<weightFactor>1</weightFactor>
			</li>
			<li>
				<tag>Rural</tag>
				<baseWeight>1</baseWeight>
				<weightFactor>1</weightFactor>
			</li>
			<li>
				<tag>BeardPunk</tag>
				<baseWeight>5</baseWeight>
				<weightFactor>1</weightFactor>
			</li>
			<li>
				<tag>BeardTribal</tag>
				<baseWeight>5</baseWeight>
				<weightFactor>1</weightFactor>
			</li>
			<li>
				<tag>BeardUrban</tag>
				<baseWeight>1</baseWeight>
				<weightFactor>1</weightFactor>
			</li>
		</styleItemTags>
	</CultureDef>
</Defs>