<Defs>
	<RulePackDef>
		<defName>NamerIdeoTisiphone</defName>
		<rulePack>
			<rulesStrings>
				<li>r_ideoName->탄탈리즘</li>
				<li>r_ideoAdjective->탄탈리즘의</li>
				<li>r_memberName->탄탈리스트</li>
			</rulesStrings>
		</rulePack>
	</RulePackDef>
	
	<RulePackDef>
		<defName>NamerLeaderTisiphone</defName>
		<rulePack>
			<rulesStrings>
				<li>r_leaderTitle(p=6)->알렉토</li>
				<li>r_leaderTitle(p=3)->티시포네</li>
				<li>r_leaderTitle(p=1)->메가이라</li>
			</rulesStrings>
		</rulePack>
	</RulePackDef>
	
	<CultureDef>
		<defName>Tantalism</defName>
		<label>탄탈리즘</label>
		<description>Sic semper tyrannis(라틴어, 참주는 언제나 이렇게 되리라). 폭군은 쓰러뜨려야 한다. 그들이 무엇을 만들던, 우리는 최후의 흔적까지 파괴할 것이다.</description>
		<ideoNameMaker>NamerIdeoTisiphone</ideoNameMaker>
		<festivalNameMaker MayRequire="Ludeon.RimWorld.Ideology">NamerFestivalAstropolitan</festivalNameMaker>
		<leaderTitleMaker>NamerLeaderTisiphone</leaderTitleMaker>
		<allowedPlaceTags>
			<li MayRequire="Ludeon.RimWorld.Ideology">OriginSpacer</li>
		</allowedPlaceTags>
		<iconPath>Things/TisiphoneIcon</iconPath>
		<thingStyleCategories>
			<li MayRequire="VanillaExpanded.VMemesE">
				<category>VME_Corporate</category>
				<priority>2</priority>
			</li>
			<li MayRequire="VanillaExpanded.VMemesE">
				<category>Spikecore</category>
				<priority>1</priority>
			</li>
			<li MayRequire="Ludeon.RimWorld.Ideology">
				<category>Techist</category>
				<priority>3</priority>
			</li>
		</thingStyleCategories>
		<preferredWeaponClasses>
			<noble>Ultratech</noble>
			<despised>Neolithic</despised>
		</preferredWeaponClasses>
		<styleItemTags>
			<li>
				<tag>Punk</tag>
				<baseWeight>10</baseWeight>
				<weightFactor>1</weightFactor>
			</li>
			<li>
				<tag>Rural</tag>
				<baseWeight>1</baseWeight>
				<weightFactor>1</weightFactor>
			</li>
			<li>
				<tag>BeardPunk</tag>
				<baseWeight>1</baseWeight>
				<weightFactor>1</weightFactor>
			</li>
			<li>
				<tag>BeardUrban</tag>
				<baseWeight>1</baseWeight>
				<weightFactor>1</weightFactor>
			</li>
		</styleItemTags>
	</CultureDef>
</Defs>