<Defs>
	<RulePackDef>
		<defName>NamerIdeoYeonHwa</defName>
		<rulePack>
			<rulesStrings>
				<li>r_ideoName->갈취주의</li>
				<li>r_ideoAdjective->갈취주의의</li>
				<li>r_memberName->갈취주의자</li>
			</rulesStrings>
		</rulePack>
	</RulePackDef>
	
	<RulePackDef>
		<defName>NamerLeaderYeonHwa</defName>
		<rulePack>
			<rulesStrings>
				<li>r_leaderTitle(p=6)->인수 이사</li>
				<li>r_leaderTitle(p=3)->마케팅 이사</li>
				<li>r_leaderTitle(p=1)->광고 이사</li>
			</rulesStrings>
		</rulePack>
	</RulePackDef>
	
	<CultureDef>
		<defName>Kleptocracism</defName>
		<label>갈취주의</label>
		<description>만물은 재원이거나 부를 위해 이용 가능한 자원들이다. 변방계는 그냥 공짜 부동산일 뿐이다.</description>
		<ideoNameMaker>NamerIdeoYeonHwa</ideoNameMaker>
		<festivalNameMaker MayRequire="Ludeon.RimWorld.Ideology">NamerFestivalKriminul</festivalNameMaker>
		<leaderTitleMaker>NamerLeaderYeonHwa</leaderTitleMaker>
		<allowedPlaceTags>
			<li MayRequire="Ludeon.RimWorld.Ideology">OriginSpacer</li>
		</allowedPlaceTags>
		<iconPath>Things/YeonHwaIcon</iconPath>
		<thingStyleCategories>
			<li MayRequire="VanillaExpanded.VMemesE">
				<category>VME_Corporate</category>
				<priority>1</priority>
			</li>
			<li MayRequire="Ludeon.RimWorld.Ideology">
				<category>Techist</category>
				<priority>2</priority>
			</li>
		</thingStyleCategories>
		<preferredWeaponClasses>
			<noble>Ultratech</noble>
			<despised>Neolithic</despised>
		</preferredWeaponClasses>
		<styleItemTags>
			<li>
				<tag>Urban</tag>
				<baseWeight>10</baseWeight>
				<weightFactor>1</weightFactor>
			</li>
			<li>
				<tag>Punk</tag>
				<baseWeight>1</baseWeight>
				<weightFactor>1</weightFactor>
			</li>
			<li>
				<tag>NoBeard</tag>
				<baseWeight>10</baseWeight>
				<weightFactor>1</weightFactor>
			</li>
			<li>
				<tag>BeardUrban</tag>
				<baseWeight>1</baseWeight>
				<weightFactor>1</weightFactor>
			</li>
		</styleItemTags>
	</CultureDef>
</Defs>