﻿<?xml version="1.0" encoding="UTF-8"?>
<LanguageData>

  <Apparellosets.label>apparello sets</Apparellosets.label>
  <ApparelloMedicalSet.label>medical</ApparelloMedicalSet.label>
  <ApparelloCrafterSet.label>work</ApparelloCrafterSet.label>
  <ApparelloConstructionSet.label>construction</ApparelloConstructionSet.label>
  <ApparelloSetCookie.label>cook</ApparelloSetCookie.label>
  <ApparelloSetCrafterer.label>crafting</ApparelloSetCrafterer.label>
  <ApparelloGrowerSet.label>growing</ApparelloGrowerSet.label>
  <ApparelloHandlingSet.label>animal handling</ApparelloHandlingSet.label>
  <ApparelloResearchSet.label>research</ApparelloResearchSet.label>
  <ApparelloSocialSet.label>social</ApparelloSocialSet.label> <!-- <ThingCategoryDef>
			    <defName>ApparelloSetWarden</defName>
			    <label>warden</label>
			    <parent>ApparelloSocialSet</parent>
			  </ThingCategoryDef>

			  <ThingCategoryDef>
			    <defName>ApparelloSetTrader</defName>
			    <label>trader</label>
			    <parent>ApparelloSocialSet</parent>
			  </ThingCategoryDef>

			  <ThingCategoryDef>
			    <defName>ApparelloSetSocialite</defName>
			    <label>socialite</label>
			    <parent>ApparelloSocialSet</parent>
			  </ThingCategoryDef>

			  <ThingCategoryDef>
			    <defName>ApparelloSetDiplomat</defName>
			    <label>lobbyist</label>
			    <parent>ApparelloSocialSet</parent>
			  </ThingCategoryDef> --> <ApparelloWombatSet.label>combat</ApparelloWombatSet.label>
  <ApparelloSetRachel.label>총잡이</ApparelloSetRachel.label>
  <ApparelloSetMelodie.label>brawler</ApparelloSetMelodie.label>
  <ApparelloSomerset.label>Summer clothing</ApparelloSomerset.label>
  <ApparelloWinterwald.label>Winter clothing</ApparelloWinterwald.label> <!-- Hat main --> <Apparellohats.label>apparello headgear</Apparellohats.label>
  <Apparelloeyehats.label>eyewear</Apparelloeyehats.label> <!-- Other --> <Accessorellocategory.label>other</Accessorellocategory.label>
  <Apparellopanties.label>pants</Apparellopanties.label>
  <ApparelloRarities.label>rare equipment</ApparelloRarities.label>


</LanguageData>