﻿<?xml version="1.0" encoding="UTF-8"?>
<LanguageData> <!-- RWP Marshal Faction --> <NamerSettlementMarshal.rulePack.rulesStrings.0>name-&gt;[Color] [TerrainFeature] 보안관 사무소</NamerSettlementMarshal.rulePack.rulesStrings.0>
  <NamerSettlementMarshal.rulePack.rulesStrings.1>name-&gt;[Animal] [TerrainFeature] 보안관 사무소</NamerSettlementMarshal.rulePack.rulesStrings.1>
  <NamerSettlementMarshal.rulePack.rulesStrings.2>name-&gt;[topicalnoun] [TerrainFeature] 보안관 사무소</NamerSettlementMarshal.rulePack.rulesStrings.2>
  <NamerSettlementMarshal.rulePack.rulesStrings.3>name-&gt;[topicalnoun]의 [TerrainFeature] 보안관 사무소</NamerSettlementMarshal.rulePack.rulesStrings.3>
  <NamerSettlementMarshal.rulePack.rulesStrings.4>name-&gt;[concept_positive]의 [TerrainFeature] 보안관 사무소</NamerSettlementMarshal.rulePack.rulesStrings.4>
  <NamerSettlementMarshal.rulePack.rulesStrings.5>name-&gt;[concept_positive] [TerrainFeature] 보안관 사무소</NamerSettlementMarshal.rulePack.rulesStrings.5>
  <NamerSettlementMarshal.rulePack.rulesStrings.6>name-&gt;[topicalnoun] [TerrainFeature] 보안관 사무소</NamerSettlementMarshal.rulePack.rulesStrings.6>
  <NamerSettlementMarshal.rulePack.rulesStrings.7>name-&gt;[topicalnoun]의 [TerrainFeature] 보안관 사무소</NamerSettlementMarshal.rulePack.rulesStrings.7>
  <NamerSettlementMarshal.rulePack.rulesStrings.8>name-&gt;[Color] [geography] 보안관 사무소</NamerSettlementMarshal.rulePack.rulesStrings.8>
  <NamerSettlementMarshal.rulePack.rulesStrings.9>name-&gt;[Animal] [geography] 보안관 사무소</NamerSettlementMarshal.rulePack.rulesStrings.9>
  <NamerSettlementMarshal.rulePack.rulesStrings.10>name-&gt;[topicalnoun] [geography] 보안관 사무소</NamerSettlementMarshal.rulePack.rulesStrings.10>
  <NamerSettlementMarshal.rulePack.rulesStrings.11>name-&gt;[topicalnoun]의 [geography] 보안관 사무소</NamerSettlementMarshal.rulePack.rulesStrings.11>
  <NamerSettlementMarshal.rulePack.rulesStrings.12>name-&gt;[concept_positive]의 [geography] 보안관 사무소</NamerSettlementMarshal.rulePack.rulesStrings.12>
  <NamerSettlementMarshal.rulePack.rulesStrings.13>name-&gt;[concept_positive] [geography] 보안관 사무소</NamerSettlementMarshal.rulePack.rulesStrings.13>
  <NamerSettlementMarshal.rulePack.rulesStrings.14>name-&gt;[topicalnoun] [geography] 보안관 사무소</NamerSettlementMarshal.rulePack.rulesStrings.14>
  <NamerSettlementMarshal.rulePack.rulesStrings.15>name-&gt;[topicalnoun]의 [geography] 보안관 사무소</NamerSettlementMarshal.rulePack.rulesStrings.15> <!-- RWP Bandit Faction --> <NamerFactionBandit.rulePack.rulesStrings.0>name-&gt;[badassanimal] 갱단</NamerFactionBandit.rulePack.rulesStrings.0>
  <NamerFactionBandit.rulePack.rulesStrings.1>name-&gt;[badassperson] 갱단</NamerFactionBandit.rulePack.rulesStrings.1>
  <NamerFactionBandit.rulePack.rulesStrings.2>name-&gt;[weapon] 갱단</NamerFactionBandit.rulePack.rulesStrings.2>
  <NamerFactionBandit.rulePack.rulesStrings.3>name-&gt;[badasscolor] [weapon] 갱단</NamerFactionBandit.rulePack.rulesStrings.3>
  <NamerFactionBandit.rulePack.rulesStrings.4>name-&gt;[badasscolor] [badassanimal] 갱단</NamerFactionBandit.rulePack.rulesStrings.4>
  <NamerFactionBandit.rulePack.rulesStrings.5>name-&gt;[badassperson] 갱단</NamerFactionBandit.rulePack.rulesStrings.5>
  <NamerFactionBandit.rulePack.rulesStrings.6>name-&gt;[badassadjective] 갱단</NamerFactionBandit.rulePack.rulesStrings.6>
  <NamerFactionBandit.rulePack.rulesStrings.7>name-&gt;[badassconcept] 갱단</NamerFactionBandit.rulePack.rulesStrings.7>


</LanguageData>