﻿<?xml version="1.0" encoding="UTF-8"?>
<LanguageData> <!-- (Bandit) Recruit --> <RWP_Bandit_Recruit.label>신입</RWP_Bandit_Recruit.label>
  <RWP_Bandit_Recruit.labelPlural>신입</RWP_Bandit_Recruit.labelPlural> <!-- (Bandit) Ruffian --> <RWP_Bandit_Slasher.label>악인</RWP_Bandit_Slasher.label>
  <RWP_Bandit_Slasher.labelPlural>악인</RWP_Bandit_Slasher.labelPlural> <!-- (Bandit) Gunslinger --> <RWP_Bandit_Gunslinger.label>총잡이</RWP_Bandit_Gunslinger.label>
  <RWP_Bandit_Gunslinger.labelPlural>총잡이</RWP_Bandit_Gunslinger.labelPlural> <!-- (Bandit) Rifleman --> <RWP_Bandit_Rifleman.label>소총수</RWP_Bandit_Rifleman.label>
  <RWP_Bandit_Rifleman.labelPlural>소총수</RWP_Bandit_Rifleman.labelPlural> <!-- (Bandit) Sniper --> <RWP_Bandit_Sniper.label>저격수</RWP_Bandit_Sniper.label>
  <RWP_Bandit_Sniper.labelPlural>저격수</RWP_Bandit_Sniper.labelPlural> <!-- (Bandit) Boss --> <RWP_Bandit_Boss.label>갱 두목</RWP_Bandit_Boss.label>
  <RWP_Bandit_Boss.labelPlural>갱 두목</RWP_Bandit_Boss.labelPlural>


</LanguageData>