﻿<?xml version="1.0" encoding="UTF-8"?>
<LanguageData> <!-- (Marshal) Gunslinger --> <RWP_Marshal_Gunslinger.label>보안관보</RWP_Marshal_Gunslinger.label>
  <RWP_Marshal_Gunslinger.labelPlural>보안관보</RWP_Marshal_Gunslinger.labelPlural> <!-- (Marshal) Rifleman --> <RWP_Marshal_Rifleman.label>보안관보</RWP_Marshal_Rifleman.label>
  <RWP_Marshal_Rifleman.labelPlural>보안관보</RWP_Marshal_Rifleman.labelPlural> <!-- (Marshal) Sniper --> <RWP_Marshal_Sniper.label>보안관보</RWP_Marshal_Sniper.label>
  <RWP_Marshal_Sniper.labelPlural>보안관보</RWP_Marshal_Sniper.labelPlural> <!-- (Marshal) Chief Marshal --> <RWP_Marshal_Boss.label>서장</RWP_Marshal_Boss.label>
  <RWP_Marshal_Boss.labelPlural>서장</RWP_Marshal_Boss.labelPlural>


</LanguageData>