﻿<?xml version="1.0" encoding="UTF-8"?>
<LanguageData> <!-- (Town) Townsperson --> <RWP_Town_Townsperson.label>마을주민</RWP_Town_Townsperson.label>
  <RWP_Town_Townsperson.labelPlural>마을주민</RWP_Town_Townsperson.labelPlural> <!-- (Town) Socialite --> <RWP_Town_Socialite.label>유명인사</RWP_Town_Socialite.label>
  <RWP_Town_Socialite.labelPlural>유명인사</RWP_Town_Socialite.labelPlural> <!-- (Town) Trader --> <RWP_Town_Trader.label>캐러밴 상인</RWP_Town_Trader.label>
  <RWP_Town_Trader.labelPlural>캐러밴 상인</RWP_Town_Trader.labelPlural> <!-- (Town) Caravan Guard --> <RWP_Town_Guard.label>캐러밴 경비대</RWP_Town_Guard.label>
  <RWP_Town_Guard.labelPlural>캐러밴 경비대</RWP_Town_Guard.labelPlural> <!-- (Town) Gunslinger --> <RWP_Town_Gunslinger.label>자치보안관보</RWP_Town_Gunslinger.label>
  <RWP_Town_Gunslinger.labelPlural>자치보안관보</RWP_Town_Gunslinger.labelPlural> <!-- (Town) Rifleman --> <RWP_Town_Rifleman.label>자치보안관보</RWP_Town_Rifleman.label>
  <RWP_Town_Rifleman.labelPlural>자치보안관보</RWP_Town_Rifleman.labelPlural> <!-- (Town) Sniper --> <RWP_Town_Sniper.label>자치보안관보</RWP_Town_Sniper.label>
  <RWP_Town_Sniper.labelPlural>자치보안관보</RWP_Town_Sniper.labelPlural> <!-- (Town) Town Sheriff --> <RWP_Town_Boss.label>자치보안관</RWP_Town_Boss.label>
  <RWP_Town_Boss.labelPlural>자치보안관</RWP_Town_Boss.labelPlural>


</LanguageData>