﻿<?xml version="1.0" encoding="UTF-8"?>
<LanguageData> <!-- Firearm Tech --> <RWP_FallingBlock.label>폴링블록</RWP_FallingBlock.label>
  <RWP_FallingBlock.description>폴링블록 화기를 제작할 수 있습니다.</RWP_FallingBlock.description>

  <RWP_LeverAction.label>레버액션</RWP_LeverAction.label>
  <RWP_LeverAction.description>레버액션 화기를 제작할 수 있습니다.</RWP_LeverAction.description>

  <RWP_Artillery.label>화포</RWP_Artillery.label>
  <RWP_Artillery.description>전장식 12파운더 야포와 코본식 12파운더 구포를 제작할 수 있습니다.</RWP_Artillery.description>

  <RWP_GatlingGun.label>개틀링</RWP_GatlingGun.label>
  <RWP_GatlingGun.description>M1881 개틀링 건을 제작할 수 있습니다.</RWP_GatlingGun.description> <!-- Apparel Tech --> <RWP_WesternApparel.label>서부식 의류</RWP_WesternApparel.label>
  <RWP_WesternApparel.description>다양한 서부식 의류를 제작할 수 있습니다.</RWP_WesternApparel.description>

  <RWP_Watchmaking.label>회중시계</RWP_Watchmaking.label>
  <RWP_Watchmaking.description>회중시계를 제작할 수 있습니다.</RWP_Watchmaking.description>

  <RWP_LawEnforcement.label>법집행</RWP_LawEnforcement.label>
  <RWP_LawEnforcement.description>법의 집행을 선포하고 이를 상징하는 뱃지를 제작할 수 있습니다.</RWP_LawEnforcement.description>

  <RWP_Optometry.label>검안술</RWP_Optometry.label>
  <RWP_Optometry.description>안경을 제작할 수 있습니다.</RWP_Optometry.description>


</LanguageData>