<?xml version="1.0" encoding="utf-8"?>

<ModMetaData>
    <packageId>MyTest.translation</packageId>
    <name>번역 테스트 모드</name>
    <author>ㅇㅇ</author>
    
<description>림월드의 한국어 번역 테스트를 위한 템플릿 모드입니다.
번역 작업을 위한 참고점으로 활용하세요.

기타 문의는 창작마당, 디스코드, 깃허브 또는 림월드 마이너 갤러리를 이용해주세요.

디스코드 : https://discord.gg/5FdkKj2XUe
깃허브 : https://github.com/RimWorldKorea/RMK</description>

    <supportedVersions>
        <li>1.6</li>
        <li>1.5</li>
        <li>1.4</li>
        <li>1.3</li>
    </supportedVersions>

    <loadAfter>
        <li>RMK.translation</li><!-- Rimworld Mod Korean -->
    </loadAfter>

    <loadBefore>
        <li>Krkr.RocketMan</li><!-- RocketMan - Performance Mod -->
    </loadBefore>

</ModMetaData>
