﻿<?xml version="1.0" encoding="UTF-8"?>
<LanguageData> <!-- Guns --> <RoundBall.label>납탄</RoundBall.label>
  <RoundBall.description>납으로 만들어진 머스킷용 탄환입니다. 항공역학적으로 불리한 형상이기 때문에 그닥 정확하지는 않지만, 높은 운동에너지와 커다란 크기 때문에 명중 시 커다란 피해를 입힙니다.</RoundBall.description> <!-- Artillery --> <SolidShot.label>금속탄</SolidShot.label>
  <SolidShot.description>주조 금속으로 만들어진 실체탄은 고폭탄과는 달리 폭발물이 충진되지 않습니다. 그러나 발사된 쇳덩이는 탄착지점에 막대한 피해를 입힙니다.</SolidShot.description>

  <CanisterShot.label>산탄</CanisterShot.label>
  <CanisterShot.description>대인 목적으로 설계된 포탄으로, 머스킷용 .69구경 납탄을 가득 채워놓은 포탄입니다. 발사되면 .69구경 납탄을 산탄총처럼 뿜어내 모여 있는 적에게 파멸적인 피해를 입힙니다.</CanisterShot.description>


</LanguageData>