﻿<?xml version="1.0" encoding="UTF-8"?>
<LanguageData>

  <GrenadeHE.label>고폭탄</GrenadeHE.label>
  <GrenadeHE.labelShort>HE</GrenadeHE.labelShort>
  <GrenadeHE.description>고폭탄은 착탄 시 폭발하며, 광범위하게 파편을 흩뿌립니다.</GrenadeHE.description>

  <GrenadeEMP.label>EMP</GrenadeEMP.label>
  <GrenadeEMP.description>착탄 시 전자기파를 방출하여 전자기기와 메카노이드를 무력화시킵니다.</GrenadeEMP.description>

  <GrenadeIncendiary.label>소이탄</GrenadeIncendiary.label>
  <GrenadeIncendiary.description>소이 충진재가 들어간 포탄입니다. 소이탄은 착탄 시 점화하며, 지역을 불로 휩쓸어버립니다.</GrenadeIncendiary.description>


</LanguageData>