﻿<?xml version="1.0" encoding="UTF-8"?>
<LanguageData>

  <BuckShot.label>벅샷</BuckShot.label>
  <BuckShot.labelShort>벅샷</BuckShot.labelShort>
  <BuckShot.description>좁게 퍼지는 커다란 알갱이 납탄이 담겨 있습니다.</BuckShot.description>

  <BirdShot.label>버드샷</BirdShot.label>
  <BirdShot.labelShort>버드샷</BirdShot.labelShort>
  <BirdShot.description>넓게 퍼지는 작은 알갱이 납탄이 담겨 있습니다.</BirdShot.description>

  <Slug.label>슬러그</Slug.label>
  <Slug.description>단 한 발의 쇳덩이로 주조되는 슬러그탄은 한 점에 집중되는 강력한 장갑 관통 탄환입니다.</Slug.description>

  <Beanbag.label>빈백</Beanbag.label>
  <Beanbag.labelShort>빈백</Beanbag.labelShort>
  <Beanbag.description>폭동 진압용으로 만들어진 비살상 고무탄입니다. 사거리가 짧습니다. 목표를 안전하게 쓰러트리기 위해 만들어졌으며, 내장에 피해를 입히거나 출혈이 일어나지 않도록 설계되었습니다.</Beanbag.description>

  <ElectroSlug.label>EMP</ElectroSlug.label>
  <ElectroSlug.description>메카노이드와 싸우기 위해 만들어진 EMP탄은 사거리가 짧지만 명중하면 전자기파 펄스를 뿜어내 전가기기를 일시적으로 무력화시킵니다.</ElectroSlug.description>


</LanguageData>