﻿<?xml version="1.0" encoding="UTF-8"?>
<LanguageData> <!-- RWP Bandit Base Class --> <RWP_Faction_Bandit_Core.pawnsPlural>무법자</RWP_Faction_Bandit_Core.pawnsPlural> <!-- RWP Bandit Faction --> <RWP_Faction_Bandit.label>갱단</RWP_Faction_Bandit.label>
  <RWP_Faction_Bandit.description>서부 무법지대의 갱단입니다. 특유의 스카프를 쓴 이 무법자들은 개척자의 피를 타고났으며, 더 나은 삶을 영위하기 위해 수단과 방법을 가리지 않습니다. 살고 싶다면 최선을 다해 피하십시오.</RWP_Faction_Bandit.description>
  <RWP_Faction_Bandit.pawnsPlural>무법자</RWP_Faction_Bandit.pawnsPlural>
  <RWP_Faction_Bandit.leaderTitle>갱 두목</RWP_Faction_Bandit.leaderTitle>


</LanguageData>