﻿<?xml version="1.0" encoding="UTF-8"?>
<LanguageData> <!-- RWP Town Base Class --> <RWP_Faction_Town_Core.pawnsPlural>마을 사람들</RWP_Faction_Town_Core.pawnsPlural> <!-- RWP Town Faction --> <RWP_Faction_Town.label>황무지 마을</RWP_Faction_Town.label>
  <RWP_Faction_Town.description>문명의 끝단에 자리잡은 개척지 마을들은 갱단과 배타적인 부족민들의 위협에 신음하고 있습니다. 자치보안관들이 수호하는 법과 질서 아래, 그저 새로운 땅에서 새로운 삶을 개척하는 선하고 정직한 사람들입니다.</RWP_Faction_Town.description>
  <RWP_Faction_Town.pawnsPlural>마을 사람들</RWP_Faction_Town.pawnsPlural>
  <RWP_Faction_Town.leaderTitle>자치보안관</RWP_Faction_Town.leaderTitle>


</LanguageData>