﻿<?xml version="1.0" encoding="UTF-8"?>
<LanguageData> <!-- RWP Marshal Base Class --> <RWP_Faction_Marshal_Core.pawnsPlural>보안관</RWP_Faction_Marshal_Core.pawnsPlural> <!-- RWP Marshal Faction --> <RWP_Faction_Marshal.label>법집행기관</RWP_Faction_Marshal.label>
  <RWP_Faction_Marshal.description>행성연합체 보안관서 황량한 개척지의 질서를 수호하는 용감한 법집행관들은 무법자들에게 질서를 바로세우는 임무를 수행합니다. </RWP_Faction_Marshal.description>
  <RWP_Faction_Marshal.fixedName>행성연합체 보안관서</RWP_Faction_Marshal.fixedName>
  <RWP_Faction_Marshal.pawnsPlural>보안관</RWP_Faction_Marshal.pawnsPlural>
  <RWP_Faction_Marshal.leaderTitle>서장</RWP_Faction_Marshal.leaderTitle>


</LanguageData>