﻿<?xml version="1.0" encoding="UTF-8"?>
<LanguageData> <!-- Ammo --> <Ammo_12GaugeBP_Buck.label>12 게이지 산탄 (BP)(벅샷)</Ammo_12GaugeBP_Buck.label>
  <Ammo_12GaugeBP_Buck.description>일반적으로 사용되는 가장 흔한 산탄총용 탄약으로, 사냥에서부터 군사용으로까지 다양하게 사용됩니다.</Ammo_12GaugeBP_Buck.description>

  <Ammo_12GaugeBP_Bird.label>12 게이지 산탄 (BP)(버드샷)</Ammo_12GaugeBP_Bird.label>
  <Ammo_12GaugeBP_Bird.description>일반적으로 사용되는 가장 흔한 산탄총용 탄약으로, 사냥에서부터 군사용으로까지 다양하게 사용됩니다.</Ammo_12GaugeBP_Bird.description>

  <Ammo_12GaugeBP_Slug.label>12 게이지 산탄 (BP)(슬러그)</Ammo_12GaugeBP_Slug.label>
  <Ammo_12GaugeBP_Slug.description>일반적으로 사용되는 가장 흔한 산탄총용 탄약으로, 사냥에서부터 군사용으로까지 다양하게 사용됩니다.</Ammo_12GaugeBP_Slug.description> <!-- Projectiles --> <Bullet_12GaugeBP_Buck.label>벅샷</Bullet_12GaugeBP_Buck.label>
  <Bullet_12GaugeBP_Bird.label>버드샷</Bullet_12GaugeBP_Bird.label>
  <Bullet_12GaugeBP_Slug.label>슬러그 (BP)</Bullet_12GaugeBP_Slug.label>


</LanguageData>