﻿<?xml version="1.0" encoding="UTF-8"?>
<LanguageData> <!-- Ammo --> <Ammo_12PndCannonShell_Solid.label>12파운더 야포 금속탄</Ammo_12PndCannonShell_Solid.label>
  <Ammo_12PndCannonShell_Solid.description>전장식 12파운더 야포에 사용되는 포탄입니다.</Ammo_12PndCannonShell_Solid.description>

  <Ammo_12PndCannonShell_ES.label>12파운더 야포 고폭탄</Ammo_12PndCannonShell_ES.label>
  <Ammo_12PndCannonShell_ES.description>전장식 12파운더 야포에 사용되는 포탄입니다.</Ammo_12PndCannonShell_ES.description>

  <Ammo_12PndCannonShell_CS.label>12파운더 야포 산탄</Ammo_12PndCannonShell_CS.label>
  <Ammo_12PndCannonShell_CS.description>전장식 12파운더 야포에 사용되는 포탄입니다.</Ammo_12PndCannonShell_CS.description> <!-- Projectiles --> <Bullet_12PndCannonShell_Solid.label>12파운더 야포 금속탄</Bullet_12PndCannonShell_Solid.label>
  <Bullet_12PndCannonShell_ES.label>12파운더 야포 고폭탄</Bullet_12PndCannonShell_ES.label>
  <Bullet_12PndCannonShell_CS.label>12파운더 야포 산탄</Bullet_12PndCannonShell_CS.label>


</LanguageData>