﻿<?xml version="1.0" encoding="UTF-8"?>
<LanguageData> <!-- Ammo --> <Ammo_32-20Winchester_BP.label>.32-20 윈체스터 (BP)</Ammo_32-20Winchester_BP.label>
  <Ammo_32-20Winchester_BP.description>리볼버용으로 설계된 권총탄입니다.</Ammo_32-20Winchester_BP.description> <!-- Projectiles --> <Bullet_32-20Winchester_Revolver.label>.32-20 윈체스터 (BP)</Bullet_32-20Winchester_Revolver.label>
  <Bullet_32-20Winchester_Rifle.label>.32-20 윈체스터 (BP)</Bullet_32-20Winchester_Rifle.label>


</LanguageData>