﻿<?xml version="1.0" encoding="UTF-8"?>
<LanguageData> <!-- Ammo --> <Ammo_44-40Winchester_BP.label>.44-40 윈체스터 (BP)</Ammo_44-40Winchester_BP.label>
  <Ammo_44-40Winchester_BP.description>리볼버용으로 설계된 권총탄입니다.</Ammo_44-40Winchester_BP.description> <!-- Projectiles --> <Bullet_44-40Winchester_Revolver.label>.44-40 윈체스터 (BP)</Bullet_44-40Winchester_Revolver.label>
  <Bullet_44-40Winchester_Rifle.label>.44-40 윈체스터 (BP)</Bullet_44-40Winchester_Rifle.label>


</LanguageData>