﻿<?xml version="1.0" encoding="UTF-8"?>
<LanguageData> <!-- Cannon --> <RWP_Building_Cannon.label>전장식 12파운더 야포</RWP_Building_Cannon.label>
  <RWP_Building_Cannon.description>'카농 드롬퍼흐', 황제의 야포라는 이름으로 알려진 이 전장식 야포는 1853년 개발된 활강 평사포입니다. 내전 당시 양측에서 사용되었으며, 금속탄과 고폭탄, 산탄과 같은 다양한 포탄을 발사할 수 있어 현존하는 야포들을 거진 대체한 명품입니다.</RWP_Building_Cannon.description>
  <RWP_Building_Cannon_Blueprint.label>전장식 12파운더 야포 (청사진)</RWP_Building_Cannon_Blueprint.label>
  <RWP_Building_Cannon_Blueprint_Install.label>전장식 12파운더 야포 (청사진)</RWP_Building_Cannon_Blueprint_Install.label>
  <RWP_Building_Cannon_Frame.label>전장식 12파운더 야포 (건설중)</RWP_Building_Cannon_Frame.label>
  <RWP_Building_Cannon_Frame.description>'카농 드롬퍼흐', 황제의 야포라는 이름으로 알려진 이 전장식 야포는 1853년 개발된 활강 평사포입니다. 내전 당시 양측에서 사용되었으며, 금속탄과 고폭탄, 산탄과 같은 다양한 포탄을 발사할 수 있어 현존하는 야포들을 거진 대체한 명품입니다.</RWP_Building_Cannon_Frame.description>

  <RWP_Gun_Cannon.label>전장식 12파운더 야포</RWP_Gun_Cannon.label>
  <RWP_Gun_Cannon.description>포가에 얹힌 12파운더 야포입니다.</RWP_Gun_Cannon.description> <!-- Coehorn Mortar --> <RWP_Building_CoehornMortar.label>코본식 12파운더 구포</RWP_Building_CoehornMortar.label>
  <RWP_Building_CoehornMortar.description>발명가 코본이 설계한 전장식 구포입니다. 손잡이가 달린 포가에 얹혀져 있습니다. 내전 당시 연맹군에 의해 사용된 코본식 12파운더 구포는 121mm 12파운드 포탄을 1100m까지 날려보낼 수 있습니다.</RWP_Building_CoehornMortar.description>
  <RWP_Building_CoehornMortar_Blueprint.label>코본식 12파운더 구포(청사진)</RWP_Building_CoehornMortar_Blueprint.label>
  <RWP_Building_CoehornMortar_Blueprint_Install.label>코본식 12파운더 구포(청사진)</RWP_Building_CoehornMortar_Blueprint_Install.label>
  <RWP_Building_CoehornMortar_Frame.label>코본식 12파운더 구포 (제작중)</RWP_Building_CoehornMortar_Frame.label>
  <RWP_Building_CoehornMortar_Frame.description>발명가 코본이 설계한 전장식 구포입니다. 손잡이가 달린 포가에 얹혀져 있습니다. 내전 당시 연맹군에 의해 사용된 코본식 12파운더 구포는 121mm 12파운드 포탄을 1100m까지 날려보낼 수 있습니다.</RWP_Building_CoehornMortar_Frame.description>

  <RWP_Gun_CoehornMortar.label>코본식 12파운더 구포</RWP_Gun_CoehornMortar.label>
  <RWP_Gun_CoehornMortar.description>4개 손잡이가 갖춰진 구포용 포가에 얹힌 12파운더 구포입니다.</RWP_Gun_CoehornMortar.description>


</LanguageData>