﻿<?xml version="1.0" encoding="UTF-8"?>
<LanguageData> <!-- Napoleon Cannon Building --> <RWP_Building_Cannon.label>전장식 12파운더 야포</RWP_Building_Cannon.label>
  <RWP_Building_Cannon.description>'카농 드롬퍼흐', 황제의 야포라는 이름으로 알려진 이 전장식 야포는 1853년 개발된 활강 평사포입니다. 내전 당시 양측에서 사용되었으며, 금속탄과 고폭탄, 산탄과 같은 다양한 포탄을 발사할 수 있어 현존하는 야포들을 거진 대체한 명품입니다.</RWP_Building_Cannon.description> <!-- Napoleon Cannon Gun --> <RWP_Gun_Cannon.label>전장식 12파운더 야포</RWP_Gun_Cannon.label>
  <RWP_Gun_Cannon.description>포가에 얹힌 12파운더 야포입니다.</RWP_Gun_Cannon.description>


</LanguageData>