﻿<?xml version="1.0" encoding="UTF-8"?>
<LanguageData> <!-- Bandit Scarf --> <RWP_Apparel_BanditScarf.label>갱단 스카프</RWP_Apparel_BanditScarf.label>
  <RWP_Apparel_BanditScarf.description>얼굴을 가려 정체를 숨길 때 사용하는 스카프입니다. 무법자들의 상징이나 다름없기 때문에 착용자가 가지는 사회적 영향력을 숨겨줄 수 있습니다.</RWP_Apparel_BanditScarf.description> <!-- Desperado Hat --> <RWP_Apparel_DesperadoHat.label>무법자 모자</RWP_Apparel_DesperadoHat.label>
  <RWP_Apparel_DesperadoHat.description>부드러운 촉감의 멋지고 귀티나는 모자입니다.. 무법자와 타짜, 범죄자들의 상징입니다.</RWP_Apparel_DesperadoHat.description> <!-- Paddy Hat --> <RWP_Apparel_PaddyHat.label>삿갓</RWP_Apparel_PaddyHat.label>
  <RWP_Apparel_PaddyHat.description>논밭에서 일하는 농부나 행상들이 햇빛을 가리기 위해 쓰는 삿갓입니다. 되게 동양적인 느낌이네요.</RWP_Apparel_PaddyHat.description> <!-- Top Hat --> <RWP_Apparel_TopHat.label>탑햇</RWP_Apparel_TopHat.label>
  <RWP_Apparel_TopHat.description>유명인사처럼 보이게 해주는 우아한 모자입니다. 사회적 영향력을 올려줍니다.</RWP_Apparel_TopHat.description> <!-- Feathered Top Hat --> <RWP_Apparel_FeatheredTopHat.label>깃털 달린 탑햇</RWP_Apparel_FeatheredTopHat.label>
  <RWP_Apparel_FeatheredTopHat.description>장엄함을 자아내는 깃털 달린 모자입니다. 사회적 영향력을 올려줍니다.</RWP_Apparel_FeatheredTopHat.description> <!-- Kepi --> <RWP_Apparel_Kepi.label>케피</RWP_Apparel_Kepi.label>
  <RWP_Apparel_Kepi.description>시민군을 결성하려면 이 모자를 써야죠. 더운 날 쓰기 좋습니다.</RWP_Apparel_Kepi.description> <!-- Spectacles --> <RWP_Apparel_Spectacles.label>안경</RWP_Apparel_Spectacles.label>
  <RWP_Apparel_Spectacles.description>쓰면 똑똑해 보이는 안경입니다. 더 잘 보이게 해주죠.</RWP_Apparel_Spectacles.description> <!-- Sombrero --> <RWP_Apparel_Sombrero.label>솜브레로.</RWP_Apparel_Sombrero.label>
  <RWP_Apparel_Sombrero.description>낮잠 잘 때 얼굴을 가리기 딱 좋습니다! 야이 카람바!</RWP_Apparel_Sombrero.description> <!-- Wanderer's Hat and Mask --> <RWP_Apparel_Zorro.label>방랑자의 모자와 가면</RWP_Apparel_Zorro.label>
  <RWP_Apparel_Zorro.description>이 조합은 전설적인 자경단 엘 폭스가 유행시켰습니다. '조심해라, 타락한 부자들아!' '너희는 정의로부터 도망치지 못할지니, 자경단의 정의가 온다!'</RWP_Apparel_Zorro.description>


</LanguageData>