﻿<?xml version="1.0" encoding="UTF-8"?>
<LanguageData> <!-- Surgeon's Apron --> <RWP_Apparel_MedicalApron.label>수술가운</RWP_Apparel_MedicalApron.label>
  <RWP_Apparel_MedicalApron.description>주머니가 달린 수술용 천 앞치마입니다.</RWP_Apparel_MedicalApron.description> <!-- Leather Apron --> <RWP_Apparel_LeatherApron.label>가죽 앞치마</RWP_Apparel_LeatherApron.label>
  <RWP_Apparel_LeatherApron.description>노련한 상인들이 애용하는 무두질한 가죽 앞치마입니다.</RWP_Apparel_LeatherApron.description> <!-- Cloth Apron --> <RWP_Apparel_ClothApron.label>천 앞치마</RWP_Apparel_ClothApron.label>
  <RWP_Apparel_ClothApron.description>조리나 재봉할 때 편리한 주머니 달린 천 앞치마입니다.</RWP_Apparel_ClothApron.description> <!-- Trader's Coat --> <RWP_Apparel_TraderCoat.label>상인의 코트</RWP_Apparel_TraderCoat.label>
  <RWP_Apparel_TraderCoat.description>다양한 주머니에 이것저것 집어넣을 수 있어 행상이나 캐러밴이 애용하는 두꺼운 코트입니다.</RWP_Apparel_TraderCoat.description> <!-- Poncho --> <RWP_Apparel_Poncho.label>판초</RWP_Apparel_Poncho.label>
  <RWP_Apparel_Poncho.description>커다란 천으로 만들어져 체온 보존에 유리한 외투입니다. 원주민들의 전통 복장이던 판초는 행성 개척민들에게도 전해져 누구나 사용하는 물건이 되었습니다.</RWP_Apparel_Poncho.description> <!-- Longcoat --> <RWP_Apparel_Longcoat.label>롱코트</RWP_Apparel_Longcoat.label>
  <RWP_Apparel_Longcoat.description>추운 날 따듯함과 멋을 모두 챙길 수 있는 롱코트입니다.</RWP_Apparel_Longcoat.description> <!-- Waistcoat --> <RWP_Apparel_Waistcoat.label>조끼</RWP_Apparel_Waistcoat.label>
  <RWP_Apparel_Waistcoat.description>멋져 보이는 민소매 조끼입니다.</RWP_Apparel_Waistcoat.description>


</LanguageData>