﻿<?xml version="1.0" encoding="UTF-8"?>
<LanguageData> <!-- Stablehand Trousers --> <RWP_Apparel_StablehandTrousers.label>마굿간쟁이의 바지</RWP_Apparel_StablehandTrousers.label>
  <RWP_Apparel_StablehandTrousers.description>조끼가 달린 가죽 바지입니다. 농장 일할 때 입기 딱입니다.</RWP_Apparel_StablehandTrousers.description> <!-- Gentleman's Pants --> <RWP_Apparel_GentPants.label>신사복 하의</RWP_Apparel_GentPants.label>
  <RWP_Apparel_GentPants.description>매우 멋진 야회복 바지입니다. 야회용 조끼랑 입으면 딱이겠네요.</RWP_Apparel_GentPants.description> <!-- Patchwork Pants --> <RWP_Apparel_PatchworkPants.label>누비바지</RWP_Apparel_PatchworkPants.label>
  <RWP_Apparel_PatchworkPants.description>매우 구린 바짓조각입니다.</RWP_Apparel_PatchworkPants.description> <!-- Jeans --> <RWP_Apparel_Jeans.label>청바지</RWP_Apparel_Jeans.label>
  <RWP_Apparel_Jeans.description>징을 박은 튼튼한 바지입니다. 야외작업이나 광산에서 일할 때 딱입니다.</RWP_Apparel_Jeans.description> <!-- Prairie Skirt --> <RWP_Apparel_PrairieSkirt.label>주름치마</RWP_Apparel_PrairieSkirt.label>
  <RWP_Apparel_PrairieSkirt.description>서부의 여성들 사이에서 유행하는 현지식 치마입니다.</RWP_Apparel_PrairieSkirt.description> <!-- Fringe Pants --> <RWP_Apparel_LeatherPants.label>나팔바지</RWP_Apparel_LeatherPants.label>
  <RWP_Apparel_LeatherPants.description>나팔처럼 바짓단 품이 커다란 가죽 바지입니다. 원래는 원주민들의 바지였지만, 튼튼하고 따듯한 덕분에 개척민들 사이에서도 유행하게 되었습니다.</RWP_Apparel_LeatherPants.description> <!-- Overalls --> <RWP_Apparel_Overalls.label>멜빵옷</RWP_Apparel_Overalls.label>
  <RWP_Apparel_Overalls.description>일할 때 거추장스럽지 않도록 통짜로 만들어진 주머니 많은 노동용 옷입니다. 솔직히 멋지진 않아요.</RWP_Apparel_Overalls.description>


</LanguageData>