﻿<?xml version="1.0" encoding="UTF-8"?>
<LanguageData> <!-- Springfield Model 1822 Musket --> <Bullet_Musket.label>머스킷 탄환</Bullet_Musket.label>

  <Gun_M1822Musket.label>스프링필드 M1822 머스킷</Gun_M1822Musket.label>
  <Gun_M1822Musket.description>스프링필드 M1822 머스킷은 스프링필드 조병창에서 M1816 머스킷을 대체하기 위해 제작한 69구경 폴링블록식 머스킷입니다. 원주민 소개 전쟁 당시 군에서 제식으로 사용한 것으로 유명한 최후의 활강식 머스킷인 M1822는 1849년 미니에 탄의 등장 이래 퇴출되었습니다. 하지만 행성에서 가장 흔하게 애용되는 개인화기임에는 틀림이 없습니다. 내전 당시에도 연방군에서는 이 총으로 무장한 연대가 있을 정도였습니다. 이 M1822 머스킷에는 총검이 착검되지 않았습니다.</Gun_M1822Musket.description>
  <Gun_M1822Musket.tools.0.label>개머리판</Gun_M1822Musket.tools.0.label>
  <Gun_M1822Musket.tools.1.label>총열</Gun_M1822Musket.tools.1.label> <!-- Springfield Model 1822 Musket (Bayoneted) --> <Gun_M1822MusketBayoneted.label>착검한 스프링필드 M1822 머스킷</Gun_M1822MusketBayoneted.label>
  <Gun_M1822MusketBayoneted.description>스프링필드 M1822 머스킷은 스프링필드 조병창에서 M1816 머스킷을 대체하기 위해 제작한 69구경 폴링블록식 머스킷입니다. 원주민 소개 전쟁 당시 군에서 제식으로 사용한 것으로 유명한 최후의 활강식 머스킷인 M1822는 1849년 미니에 탄의 등장 이래 퇴출되었습니다. 하지만 행성에서 가장 흔하게 애용되는 개인화기임에는 틀림이 없습니다. 내전 당시에도 연방군에서는 이 총으로 무장한 연대가 있을 정도였습니다. 이 M1822 머스킷에는 총검이 착검되어 있습니다.</Gun_M1822MusketBayoneted.description>
  <Gun_M1822MusketBayoneted.tools.0.label>개머리판</Gun_M1822MusketBayoneted.tools.0.label>
  <Gun_M1822MusketBayoneted.tools.1.label>총검</Gun_M1822MusketBayoneted.tools.1.label> <!-- Coach Gun --> <Bullet_CoachGun.label>산탄</Bullet_CoachGun.label>

  <Gun_Coach.label>더블 배럴 샷건</Gun_Coach.label>
  <Gun_Coach.description>우편배달부의 총인 더블 배럴 샷건은 18인치 쌍열 총열이 달린 산탄총입니다. 19세기 중반, 화물 수송용 역마차들의 배달부들이 호신용으로 사용했습니다.</Gun_Coach.description>
  <Gun_Coach.tools.0.label>개머리판</Gun_Coach.tools.0.label>
  <Gun_Coach.tools.1.label>총열</Gun_Coach.tools.1.label> <!-- Sawed-Off Shotgun --> <Bullet_SawnOff.label>산탄</Bullet_SawnOff.label>

  <Gun_SawnOff.label>소드오프 샷건</Gun_SawnOff.label>
  <Gun_SawnOff.description>더블 배럴 샷건을 휴대하기 편하게 톱질한 산탄총입니다. 일반적인 산탄총에 비해 더 넓게 퍼지고 탄속이 느리기 때문에 사정거리가 짧습니다. 하지만 다루기 편하고 숨기기 쉬운 크기로 줄어들었기 때문에 이런 단점에도 애용되고 있습니다.</Gun_SawnOff.description>
  <Gun_SawnOff.tools.0.label>개머리판</Gun_SawnOff.tools.0.label>
  <Gun_SawnOff.tools.1.label>총열</Gun_SawnOff.tools.1.label> <!-- Three Crown Coach Gun --> <Bullet_CrownsGun.label>산탄</Bullet_CrownsGun.label>

  <Gun_ThreeCrowns.label>트리플 배럴 샷건</Gun_ThreeCrowns.label>
  <Gun_ThreeCrowns.description>쌍열을 넘어 삼열 총열이 달린 더블 배럴 산탄총의 업그레이드 버전입니다. 장인정신의 산물인 이 산탄총은 매우 부귀해 보이는 우아한 장식이 새겨져 있습니다.</Gun_ThreeCrowns.description>
  <Gun_ThreeCrowns.tools.0.label>개머리판</Gun_ThreeCrowns.tools.0.label>
  <Gun_ThreeCrowns.tools.1.label>총열</Gun_ThreeCrowns.tools.1.label> <!-- Colt Single Action Army --> <Bullet_ColtPeacemaker.label>리볼버 탄환</Bullet_ColtPeacemaker.label>

  <Gun_ColtPeacemaker.label>콜트 싱글액션아미</Gun_ColtPeacemaker.label>
  <Gun_ColtPeacemaker.description>피스메이커라는 별명으로 유명한 콜트 싱글액션아미는 서부를 상징하는 무기입니다. 회전식 탄창형 리볼버인 SAA는 법집행자도 무법자도 가리지 않고 애용하는 최고의 부무장입니다.</Gun_ColtPeacemaker.description>
  <Gun_ColtPeacemaker.tools.0.label>권총손잡이</Gun_ColtPeacemaker.tools.0.label>
  <Gun_ColtPeacemaker.tools.1.label>총열</Gun_ColtPeacemaker.tools.1.label> <!-- Colt Buntline Special --> <Bullet_ColtBuntline.label>리볼버 탄환</Bullet_ColtBuntline.label>

  <Gun_ColtBuntline.label>콜트 번트라인 스페셜</Gun_ColtBuntline.label>
  <Gun_ColtBuntline.description>콜트 싱글액션아미의 12인치 총열 바리에이션입니다. 번트라인이라는 소설가에 의해 특별 주문되었다는 전설을 가진 주문제작 권총입니다.</Gun_ColtBuntline.description>
  <Gun_ColtBuntline.tools.0.label>권총손잡이</Gun_ColtBuntline.tools.0.label>
  <Gun_ColtBuntline.tools.1.label>총열</Gun_ColtBuntline.tools.1.label> <!-- Colt Frontier Six-Shooter --> <Bullet_ColtSixShooter.label>리볼버 탄환</Bullet_ColtSixShooter.label>

  <Gun_ColtFrontier.label>콜트 프론티어 식스슈터</Gun_ColtFrontier.label>
  <Gun_ColtFrontier.description>콜트 싱글액션아미의 .44-40 윈체스터 사양 바리에이션입니다. 윈체스터 M1873과 탄약을 공유하기 때문에, M1873을 사용하는 사람에게 딱 맞는 부무장입니다.</Gun_ColtFrontier.description>
  <Gun_ColtFrontier.tools.0.label>권총손잡이</Gun_ColtFrontier.tools.0.label>
  <Gun_ColtFrontier.tools.1.label>총열</Gun_ColtFrontier.tools.1.label> <!-- Colt Open Top --> <Bullet_ColtOpenTop.label>리볼버 탄환</Bullet_ColtOpenTop.label>

  <Gun_ColtOpenTop.label>콜트 오픈탑</Gun_ColtOpenTop.label>
  <Gun_ColtOpenTop.description>콜트 M1871-72 오픈탑 리볼버는 .44 헨리 사양의 후장식 권총입니다. 1871년 개발된 콜트 사 최초의 금속 탄피 후장식 리볼버로, 훗날 개발되는 콜트 싱글 액션 아미의 프로토타입입니다.</Gun_ColtOpenTop.description>
  <Gun_ColtOpenTop.tools.0.label>권총손잡이</Gun_ColtOpenTop.tools.0.label>
  <Gun_ColtOpenTop.tools.1.label>총열</Gun_ColtOpenTop.tools.1.label> <!-- Colt M1878 Revolver --> <Bullet_ColtNewService.label>리볼버 탄환</Bullet_ColtNewService.label>

  <Gun_M1878Colt.label>콜트 M1878 리볼버</Gun_M1878Colt.label>
  <Gun_M1878Colt.description>콜트 싱글액션아미의 영향을 강하게 받은 M1878 리볼버는 상업적으로 성공한 최초의 더블액션 리볼버입니다. 다른 리볼버에 비해 약한 .32-20 탄을 사용하긴 하지만, 더블액션 기구 덕분에 다른 권총보다 발사속도가 빠르며 마를린 M1894와 함께 쓸 수 있다는 장점이 있습니다.</Gun_M1878Colt.description>
  <Gun_M1878Colt.tools.0.label>권총손잡이</Gun_M1878Colt.tools.0.label>
  <Gun_M1878Colt.tools.1.label>총열</Gun_M1878Colt.tools.1.label> <!-- Colt Revolving Rifle --> <Bullet_RevolverRifle.label>리볼빙 라이플 탄환</Bullet_RevolverRifle.label>

  <Gun_Colt_OneEightFiveFive_Revolving_Rifle.label>콜트 리볼빙 라이플</Gun_Colt_OneEightFiveFive_Revolving_Rifle.label>
  <Gun_Colt_OneEightFiveFive_Revolving_Rifle.description>콜트 리볼빙 라이플은 리볼버의 구조를 이용해 장탄수와 발사속도를 모두 잡은 소총으로써 개발되었습니다. 싱글액션아미가 사용하는 .45 콜트를 사용하기 때문에 함께 쓰기 딱 좋습니다. 4배율 말콤 조준경이 장착되어 있습니다.</Gun_Colt_OneEightFiveFive_Revolving_Rifle.description>
  <Gun_Colt_OneEightFiveFive_Revolving_Rifle.tools.0.label>개머리판</Gun_Colt_OneEightFiveFive_Revolving_Rifle.tools.0.label>
  <Gun_Colt_OneEightFiveFive_Revolving_Rifle.tools.1.label>총열</Gun_Colt_OneEightFiveFive_Revolving_Rifle.tools.1.label> <!-- Henry Rifle --> <Bullet_HenryRifle.label>헨리 라이플 탄환</Bullet_HenryRifle.label>

  <Gun_Henry_Rifle.label>윈체스터 1860 헨리 라이플</Gun_Henry_Rifle.label>
  <Gun_Henry_Rifle.description>최초의 레버액션 소총으로 유명한 헨리 라이플은 19세기 중반 기계공학의 정수입니다. 16발을 속사할 수 있는 능력 덕분에 이 총 한 자루가 10자루의 머스킷에 필적한다고 평가받았습니다. 때문에 &quot;일요일에 장전해 한 주 내내 쏴제끼는 총&quot;이라는 별명을 받았습니다.</Gun_Henry_Rifle.description>
  <Gun_Henry_Rifle.tools.0.label>개머리판</Gun_Henry_Rifle.tools.0.label>
  <Gun_Henry_Rifle.tools.1.label>총열</Gun_Henry_Rifle.tools.1.label> <!-- Winchester 1873 --> <Bullet_WinchesterRifle.label>윈체스터 소총 탄환</Bullet_WinchesterRifle.label>

  <Gun_Winchester_OneEightSevenThree.label>윈체스터 M1873</Gun_Winchester_OneEightSevenThree.label>
  <Gun_Winchester_OneEightSevenThree.description>&quot;서부를 제패한 총&quot;이라는 별명으로 유명한 윈체스터 M1873은 콜트 싱글 액션 아미 다음으로 유명한 서부의 상징입니다. .44-40 탄을 사용하며, 행성의 개척민들을 높은 명중률과 신뢰성, 다재다능함으로 매료했습니다.</Gun_Winchester_OneEightSevenThree.description>
  <Gun_Winchester_OneEightSevenThree.tools.0.label>개머리판</Gun_Winchester_OneEightSevenThree.tools.0.label>
  <Gun_Winchester_OneEightSevenThree.tools.1.label>총열</Gun_Winchester_OneEightSevenThree.tools.1.label> <!-- Winchester 1886 --> <Bullet_WinchesterRifleTwo.label>윈체스터 소총 탄환</Bullet_WinchesterRifleTwo.label>

  <Gun_Winchester_OneEightSevenSix.label>윈체스터 M1886</Gun_Winchester_OneEightSevenSix.label>
  <Gun_Winchester_OneEightSevenSix.description>현대 화기의 아버지라 불리는 전설의 총기기술자 존 모세스 브라우닝이 설계한 윈체스터 M1886입니다. 매우 강력한 .45-70 거버먼트 탄을 사용하는 M1886은 군대에서 사용될 뿐만 아니라 머팔로와 같은 커다랑 사냥감을 잡는 데 딱입니다.</Gun_Winchester_OneEightSevenSix.description>
  <Gun_Winchester_OneEightSevenSix.tools.0.label>개머리판</Gun_Winchester_OneEightSevenSix.tools.0.label>
  <Gun_Winchester_OneEightSevenSix.tools.1.label>총열</Gun_Winchester_OneEightSevenSix.tools.1.label> <!-- Marlin Model 1894 --> <Bullet_MarlinRifle.label>마를린 소총 탄환</Bullet_MarlinRifle.label>

  <Gun_Marlin_M_OneEightNineFourC_Rifle.label>마를린 M1894</Gun_Marlin_M_OneEightNineFourC_Rifle.label>
  <Gun_Marlin_M_OneEightNineFourC_Rifle.description>.30-20 윈체스터 탄을 사용하는 마를린 M1894는 사슴 사냥에 들고 나가기 딱 좋은 총입니다. 10발들이 튜브 탄창을 장착하고 있으며, 같은 탄환을 사용하는 콜트 M1878 리볼버와 함께 쓰기 좋습니다.</Gun_Marlin_M_OneEightNineFourC_Rifle.description>
  <Gun_Marlin_M_OneEightNineFourC_Rifle.tools.0.label>개머리판</Gun_Marlin_M_OneEightNineFourC_Rifle.tools.0.label>
  <Gun_Marlin_M_OneEightNineFourC_Rifle.tools.1.label>총열</Gun_Marlin_M_OneEightNineFourC_Rifle.tools.1.label> <!-- Sharps Model 1863 Carbine --> <Bullet_SharpsCarbineBullet.label>샤프스 소총 탄환</Bullet_SharpsCarbineBullet.label>

  <Gun_M_OneEightSixThree_Sharps_Carbine.label>M1863 샤프스 카빈</Gun_M_OneEightSixThree_Sharps_Carbine.label>
  <Gun_M_OneEightSixThree_Sharps_Carbine.description>M1863 샤프스 카빈은 내전 당시 연방과 연합 양측 기병대가 애용한 폴링블록식 기병총입니다. 샤프스 소총은 원래 종이탄포를 사용하는 구식 총기지만, 원주민 전쟁 당시 금속탄피인 .50-70 거버먼트 탄을 사용할 수 있도록 폴링블록 소총으로 개량되었습니다.</Gun_M_OneEightSixThree_Sharps_Carbine.description>
  <Gun_M_OneEightSixThree_Sharps_Carbine.tools.0.label>개머리판</Gun_M_OneEightSixThree_Sharps_Carbine.tools.0.label>
  <Gun_M_OneEightSixThree_Sharps_Carbine.tools.1.label>총열</Gun_M_OneEightSixThree_Sharps_Carbine.tools.1.label> <!-- Sharps Model 1874 --> <Bullet_SharpsBullet.label>샤프스 소총 탄환</Bullet_SharpsBullet.label>

  <Gun_M_OneEightSevenFour_Sharps.label>M1874 샤프스</Gun_M_OneEightSevenFour_Sharps.label>
  <Gun_M_OneEightSevenFour_Sharps.description>원주민 전쟁 당시의 유명한 일화로 인해 머팔로 라이플이라 불리는 M1874 샤프스 소총은 놀라운 장거리 명중률과 저지력 덕분에 부족민들과의 싸움에서 &quot;오늘 쏴서 내일 죽이는&quot; 총이라는 칭송을 받았습니다. 1874년 내전 당시, 한 머팔로 사냥꾼이 1400m 떨어진 원주민 전사를 M1874 샤프스로 저격했고, 놀란 원주민들은 거주지를 포기하고 도망쳤습니다. 8배율 말콤 조준경이 장착되어 있습니다.</Gun_M_OneEightSevenFour_Sharps.description>
  <Gun_M_OneEightSevenFour_Sharps.tools.0.label>개머리판</Gun_M_OneEightSevenFour_Sharps.tools.0.label>
  <Gun_M_OneEightSevenFour_Sharps.tools.1.label>총열</Gun_M_OneEightSevenFour_Sharps.tools.1.label>


</LanguageData>