﻿<?xml version="1.0" encoding="UTF-8"?>
<LanguageData> <!-- Spike Bayonet --> <MeleeWeapon_SpikeBayonet.label>총검</MeleeWeapon_SpikeBayonet.label>
  <MeleeWeapon_SpikeBayonet.description>머스킷에 착검되는 제식 스파이크형 총검입니다. 스프링필드 M1822나 M1873에 착검할 수 있습니다.</MeleeWeapon_SpikeBayonet.description>
  <MeleeWeapon_SpikeBayonet.tools.0.label>날끝</MeleeWeapon_SpikeBayonet.tools.0.label> <!-- Bowie Knife --> <MeleeWeapon_BowieKnife.label>보위 나이프</MeleeWeapon_BowieKnife.label>
  <MeleeWeapon_BowieKnife.description>이 칼의 제작자 보위의 이름을 딴 거대한 픽스드 나이프입니다. 위대한 나이프 파이터인 보위는 자신이 원하는 휴대하기 편한 근접전용 무기를 직접 디자인했습니다. 이 단검은 세이버보다는 짧지만 비견할 정도로 무거운 날을 가졌습니다. 도축용 작업칼같은 칼날은 당대 검술을 적용할 수 있기 충분하면서도 강력한 베기가 가능했습니다. 덕분에 무기일 뿐만 아니라 개척민의 생존용 도구로써도 훌륭한 성능을 자랑했습니다. 보위는 이 전설적인 나이프를 평생 품에 지니고 다녔지만, 그가 전사한 1836년의 전투에서 실종되고 말았기 때문에 그가 직접 만든 나이프를 찾을 순 없었습니다.</MeleeWeapon_BowieKnife.description>
  <MeleeWeapon_BowieKnife.tools.0.label>손잡이</MeleeWeapon_BowieKnife.tools.0.label>
  <MeleeWeapon_BowieKnife.tools.1.label>칼날</MeleeWeapon_BowieKnife.tools.1.label>
  <MeleeWeapon_BowieKnife.tools.2.label>날끝</MeleeWeapon_BowieKnife.tools.2.label> <!-- Model 1840 Heavy Cavalry Saber --> <MeleeWeapon_M1840Saber.label>M1840 헨리 중기병 세이버</MeleeWeapon_M1840Saber.label>
  <MeleeWeapon_M1840Saber.description>&quot;손목 분쇄기&quot;라는 이름으로 더 유명한 M1840 중기병 세이버는 원주민 소개 전쟁 당시 제식 기병도로 사용된 무거운 외날도입니다. 검이 너무나 무거웠기 때문에 더 작고 가벼운 M1860 경기병 세이버로 대체되었으나, 내전 당시 양측 기병대에서는 여전히 중기병 세이버를 사용했습니다. 내전 당시, 연방의 기병대장은 자신의 M1840 중기병 세이버의 날을 양쪽 다 세워 사용한 것으로 유명했습니다.</MeleeWeapon_M1840Saber.description>
  <MeleeWeapon_M1840Saber.tools.0.label>손잡이</MeleeWeapon_M1840Saber.tools.0.label>
  <MeleeWeapon_M1840Saber.tools.1.label>날끝</MeleeWeapon_M1840Saber.tools.1.label>
  <MeleeWeapon_M1840Saber.tools.2.label>칼날</MeleeWeapon_M1840Saber.tools.2.label> <!-- Model 1860 Light Cavalry Saber --> <MeleeWeapon_M1860Saber.label>M1860 경기병 세이버</MeleeWeapon_M1860Saber.label>
  <MeleeWeapon_M1860Saber.description>M1840 중기병 세이버를 대체한 M1860 경기병 세이버는 내전을 넘어 원주민 선쟁기까지 쓰인 제식 기병도였습니다. M1840과 비슷한 모양새를 가졌지만, M1860은 더 짧고 가벼운 날이 달렸기 때문에 훨씬 다루기 편했습니다. 비록 19세기가 지나며 세이버가 구 시대의 유물이 되었지만, M1860 경기병 세이버는 아직까지도 의장용 도검으로써 사용되고 있습니다.</MeleeWeapon_M1860Saber.description>
  <MeleeWeapon_M1860Saber.tools.0.label>손잡이</MeleeWeapon_M1860Saber.tools.0.label>
  <MeleeWeapon_M1860Saber.tools.1.label>날끝</MeleeWeapon_M1860Saber.tools.1.label>
  <MeleeWeapon_M1860Saber.tools.2.label>칼날</MeleeWeapon_M1860Saber.tools.2.label>


</LanguageData>