﻿<?xml version="1.0" encoding="UTF-8"?>
<LanguageData> <!-- Pocket Watch --> <RWP_Apparel_Pocketwatch.label>회중시계</RWP_Apparel_Pocketwatch.label>
  <RWP_Apparel_Pocketwatch.description>귀엽고 깜찍한 시계입니다. 시간 엄수에 유용하겠네요. 시계는 제작도 어렵고 희귀한지라 높은 가격에 팔 수 있을 겁니다.</RWP_Apparel_Pocketwatch.description> <!-- Deputy Sheriff Badge --> <RWP_Apparel_DeputySheriffBadge.label>자치보안관보 뱃지</RWP_Apparel_DeputySheriffBadge.label>
  <RWP_Apparel_DeputySheriffBadge.description>마을의 자치보안관보용 뱃지입니다. 법집행 뱃지를 착용한 사람에게는 강렬한 권위감이 느껴지죠. 총격전에서도 자신감을 가지게 해 줍니다.</RWP_Apparel_DeputySheriffBadge.description> <!-- Sheriff Badge --> <RWP_Apparel_SheriffBadge.label>자치보안관 뱃지</RWP_Apparel_SheriffBadge.label>
  <RWP_Apparel_SheriffBadge.description>마을의 자치보안관용 뱃지입니다. 법집행 뱃지를 착용한 사람에게는 강렬한 권위감이 느껴지죠. 총격전에서도 자신감을 가지게 해 줍니다.</RWP_Apparel_SheriffBadge.description> <!-- Deputy U.S. Marshal Badge --> <RWP_Apparel_DeputyMarshalBadge.label>행성연합체 보안관서 서장 뱃지</RWP_Apparel_DeputyMarshalBadge.label>
  <RWP_Apparel_DeputyMarshalBadge.description>행성연합체 보안관서 서장용 뱃지입니다. 행성연합체 보안관서 소속 보안관만이 착용할 수 있는 법집행 뱃지로, 횡량한 개척지 무법지대에 정의를 구현하는 도구입니다.</RWP_Apparel_DeputyMarshalBadge.description> <!-- Chief Marshal Badge --> <RWP_Apparel_ChiefMarshalBadge.label>행성연합체 보안관서 서장 뱃지</RWP_Apparel_ChiefMarshalBadge.label>
  <RWP_Apparel_ChiefMarshalBadge.description>행성연합체 보안관서 서장용 뱃지입니다. 행성연합체 보안관서 서장만이 착용할 수 있는 법집행 뱃지로, 횡량한 개척지 무법지대에 정의를 구현하는 도구입니다.</RWP_Apparel_ChiefMarshalBadge.description> <!-- Bandolier --> <RWP_Apparel_Bandolier.label>탄띠</RWP_Apparel_Bandolier.label>
  <RWP_Apparel_Bandolier.description>탄약 휴대용 벨트입니다. 개인화기를 빠르게 장전할 수 있습니다.</RWP_Apparel_Bandolier.description> <!-- Holster Belt with Chaps --> <RWP_Apparel_Chaps.label>홀스터 가죽바지</RWP_Apparel_Chaps.label>
  <RWP_Apparel_Chaps.description>속사를 도와주는 홀스터가 달린 바지입니다. 개인화기를 빠르게 뽑을 수 있습니다.</RWP_Apparel_Chaps.description>


</LanguageData>