<Defs>
	<FactionDef ParentName="RimsenalBase">
		<defName>Jotun_Interstellar</defName>
		<label>요툰 인터스텔라</label>
		<description>셀 수 없는 메카노이드의 침략에 맞서, 요새 행성인 요툰하임 프라임은 무자비한 살인 기계들과 자그마치 천 년의 세월을 싸워왔습니다.\n\n은하계 전체에서 생존하기 가혹한 행성 중 하나에서 살아남으며, 요툰하임 프라임의 거주자들은 생존을 위해 상대만큼 무자비한 장비를 개발했습니다. 압도적인 화력이 필요할 때, 요툰 인터스텔라가 당신의 편이 될 것입니다.</description>
		<pawnSingular>전사</pawnSingular>
		<pawnsPlural>전사대</pawnsPlural>
		<listOrderPriority>40</listOrderPriority>
		<canMakeRandomly>true</canMakeRandomly>
		<canSiege>true</canSiege>
		<leaderTitle>스칼드 엔지니어</leaderTitle>
		<factionIconPath>Things/JotunIconBlack</factionIconPath>
		<factionNameMaker>NamerJotunFaction</factionNameMaker>
		<settlementNameMaker>NamerJotunBase</settlementNameMaker>
		<settlementTexturePath>World/WorldObjects/DefaultSettlement</settlementTexturePath>
		<techLevel>Spacer</techLevel>
		<backstoryFilters>
			<li>
				<categories>
					<li>Offworld</li>
				</categories>
				<commonality>0.75</commonality>
			</li>
			<li>
				<categories>
					<li>Tribal</li>
				</categories>
				<commonality>0.25</commonality>
			</li>
		</backstoryFilters>
		<allowedCultures>
			<li>Bulwarkism</li>
		</allowedCultures>
		<disallowedMemes>
			<li MayRequire="Ludeon.RimWorld.Ideology">HighLife</li>
		</disallowedMemes>
		<requiredMemes>
			<li MayRequire="Ludeon.RimWorld.Ideology">Loyalist</li>
			<li MayRequire="Ludeon.RimWorld.Ideology">Tunneler</li>
		</requiredMemes>
		<pawnGroupMakers Inherit="False">
			<li>
				<!-- Normal fights, standard mix -->
				<commonality>100</commonality>
				<kindDef>Combat</kindDef>
				<options>
					<JI_Melee>2</JI_Melee>
					<JI_Recruit>3</JI_Recruit>
					<JI_Soldier>15</JI_Soldier>
					<JI_Elite>3</JI_Elite>
					<JI_Sapper>1</JI_Sapper>
					<JI_Officer>1</JI_Officer>
				</options>
			</li>
			<li>
				<!-- Elite Raid -->
				<commonality>35</commonality>
				<kindDef>Combat</kindDef>
				<options>
					<JI_Melee>4</JI_Melee>
					<JI_Soldier>8</JI_Soldier>
					<JI_Elite>10</JI_Elite>
					<JI_Sapper>1</JI_Sapper>
					<JI_Officer>3</JI_Officer>
					<JI_Leader>0.1</JI_Leader>
				</options>
			</li>
			<li>
				<!-- Swarm Raid -->
				<commonality>25</commonality>
				<kindDef>Combat</kindDef>
				<disallowedStrategies>
					<li>Siege</li>
					<li>StageThenAttack</li>
				</disallowedStrategies>
				<options>
					<JI_Melee>5</JI_Melee>
					<JI_Recruit>5</JI_Recruit>
					<JI_Soldier>1</JI_Soldier>
				</options>
			</li>
			<li>
				<kindDef>Peaceful</kindDef>
				<options>
					<Villager>20</Villager>
					<JI_Recruit>5</JI_Recruit>
					<JI_Soldier>3</JI_Soldier>
				</options>
			</li>
			<li>
				<kindDef>Trader</kindDef>
				<traders>
					<Town_Trader>1</Town_Trader>
				</traders>
				<carriers>
					<Muffalo>6</Muffalo>
					<Dromedary>5</Dromedary>
					<Alpaca>2</Alpaca>
					<Elephant>1</Elephant>
				</carriers>
				<guards>
					<Villager>3</Villager>
					<JI_Recruit>5</JI_Recruit>
					<JI_Soldier>3</JI_Soldier>
					<JI_Elite>2</JI_Elite>
					<JI_Officer>1</JI_Officer>
				</guards>
			</li>
			<li>
				<kindDef>Settlement</kindDef>
				<options>
					<JI_Melee>5</JI_Melee>
					<JI_Recruit>4</JI_Recruit>
					<JI_Soldier>10</JI_Soldier>
					<JI_Elite>3</JI_Elite>
					<JI_Officer>2</JI_Officer>
					<JI_Leader>0.5</JI_Leader>
				</options>
			</li>
			<li MayRequire="Ludeon.RimWorld.Ideology">
				<kindDef>Miners</kindDef>
				<commonality>1</commonality>
				<options>
					<Miner>3</Miner>
					<JI_Melee>5</JI_Melee>
					<JI_Recruit>5</JI_Recruit>
					<JI_Soldier>3</JI_Soldier>
					<JI_Elite>0</JI_Elite>
					<JI_Sapper>0</JI_Sapper>
					<JI_Officer>0</JI_Officer>
				</options>
			</li>
			<li MayRequire="Ludeon.RimWorld.Ideology">
				<kindDef>Hunters</kindDef>
				<commonality>1</commonality>
				<options>
					<JI_Melee>0</JI_Melee>
					<JI_Recruit>5</JI_Recruit>
					<JI_Soldier>5</JI_Soldier>
					<JI_Elite>3</JI_Elite>
					<JI_Sapper>0</JI_Sapper>
					<JI_Officer>0</JI_Officer>
				</options>
			</li>
			<li MayRequire="Ludeon.RimWorld.Ideology">
				<kindDef>Loggers</kindDef>
				<commonality>1</commonality>
				<options>
					<Logger>3</Logger>
					<JI_Melee>5</JI_Melee>
					<JI_Recruit>5</JI_Recruit>
					<JI_Soldier>3</JI_Soldier>
					<JI_Elite>0</JI_Elite>
					<JI_Sapper>0</JI_Sapper>
					<JI_Officer>0</JI_Officer>
				</options>
			</li>
			<li MayRequire="Ludeon.RimWorld.Ideology">
				<kindDef>Farmers</kindDef>
				<commonality>1</commonality>
				<options>
					<Farmer>3</Farmer>
					<JI_Melee>5</JI_Melee>
					<JI_Recruit>5</JI_Recruit>
					<JI_Soldier>3</JI_Soldier>
					<JI_Elite>0</JI_Elite>
					<JI_Sapper>0</JI_Sapper>
					<JI_Officer>0</JI_Officer>
				</options>
			</li>
		</pawnGroupMakers>
	</FactionDef>
</Defs>