<Defs>
	<FactionDef ParentName="RimsenalBase">
		<defName>YeonHwa_Precision</defName>
		<label>연화 정밀</label>
		<description>연화 정밀은 주변 성계를 교묘하고 침략적인 방법으로 착취하는 냉혹한 거대 기업입니다.\n\n공격적 마케팅 부서의 요원들은 고이동성 장비와 속사 무기를 통해 기업의 복잡한 계획에 방해가 될 요소들을 미리 제거합니다.</description>
		<pawnSingular>요원</pawnSingular>
		<pawnsPlural>요원들</pawnsPlural>
		<listOrderPriority>39</listOrderPriority>
		<canMakeRandomly>true</canMakeRandomly>
		<canSiege>false</canSiege>
		<leaderTitle>마케팅 디렉터</leaderTitle>
		<factionIconPath>Things/YeonHwaIconBlack</factionIconPath>
		<factionNameMaker>NamerYeonHwaFaction</factionNameMaker>
		<settlementNameMaker>NamerYeonHwaBase</settlementNameMaker>
		<settlementTexturePath>World/WorldObjects/DefaultSettlement</settlementTexturePath>
		<techLevel>Spacer</techLevel>
		<backstoryFilters>
			<li>
				<categories>
					<li>Offworld</li>
				</categories>
				<commonality>0.75</commonality>
			</li>
			<li>
				<categories>
					<li>Pirate</li>
				</categories>
				<commonality>0.25</commonality>
			</li>
		</backstoryFilters>
		<allowedCultures>
			<li>Kleptocracism</li>
		</allowedCultures>
		<requiredMemes>
			<li MayRequire="Ludeon.RimWorld.Ideology">Supremacist</li>
			<li MayRequire="Ludeon.RimWorld.Ideology">Individualist</li>
			<li MayRequire="Ludeon.RimWorld.Ideology">Raider</li>
		</requiredMemes>
		<pawnGroupMakers Inherit="False">
			<li>
				<!-- Normal fights, standard mix -->
				<commonality>100</commonality>
				<kindDef>Combat</kindDef>
				<options>
					<YP_Melee>1</YP_Melee>
					<YP_Recruit>2</YP_Recruit>
					<YP_Soldier>10</YP_Soldier>
					<YP_Elite>5</YP_Elite>
					<YP_Microwave>2</YP_Microwave>
					<YP_Officer>1</YP_Officer>
				</options>
			</li>
			<li>
				<!-- Elite Raid -->
				<commonality>35</commonality>
				<kindDef>Combat</kindDef>
				<options>
					<YP_Melee>2</YP_Melee>
					<YP_Recruit>0</YP_Recruit>
					<YP_Soldier>6</YP_Soldier>
					<YP_Elite>2</YP_Elite>
					<YP_Microwave>2</YP_Microwave>
					<YP_Officer>1</YP_Officer>
					<YP_Leader>0.1</YP_Leader>
				</options>
			</li>
			<li>
				<!-- Swarm Raid -->
				<commonality>15</commonality>
				<kindDef>Combat</kindDef>
				<disallowedStrategies>
					<li>Siege</li>
					<li>StageThenAttack</li>
				</disallowedStrategies>
				<options>
					<YP_Melee>5</YP_Melee>
					<YP_Recruit>3</YP_Recruit>
					<YP_Soldier>1</YP_Soldier>
					<YP_Elite>0</YP_Elite>
					<YP_Officer>0</YP_Officer>
				</options>
			</li>
			<li>
				<kindDef>Peaceful</kindDef>
				<options>
					<Villager>20</Villager>
					<YP_Melee>0</YP_Melee>
					<YP_Recruit>5</YP_Recruit>
					<YP_Soldier>3</YP_Soldier>
					<YP_Elite>0</YP_Elite>
					<YP_Officer>0</YP_Officer>
				</options>
			</li>
			<li>
				<kindDef>Trader</kindDef>
				<traders>
					<Town_Trader>1</Town_Trader>
				</traders>
				<carriers>
					<Muffalo>6</Muffalo>
					<Dromedary>5</Dromedary>
					<Alpaca>2</Alpaca>
					<Elephant>1</Elephant>
				</carriers>
				<guards>
					<Villager>3</Villager>
					<YP_Melee>0</YP_Melee>
					<YP_Recruit>5</YP_Recruit>
					<YP_Soldier>3</YP_Soldier>
					<YP_Elite>2</YP_Elite>
					<YP_Officer>1</YP_Officer>
				</guards>
			</li>
			<li>
				<kindDef>Settlement</kindDef>
				<options>
					<YP_Melee>5</YP_Melee>
					<YP_Recruit>5</YP_Recruit>
					<YP_Soldier>5</YP_Soldier>
					<YP_Elite>3</YP_Elite>
					<YP_Officer>2</YP_Officer>
					<YP_Leader>0.5</YP_Leader>
					<YP_Microwave>5</YP_Microwave>
				</options>
			</li>
			<li MayRequire="Ludeon.RimWorld.Ideology">
				<kindDef>Miners</kindDef>
				<commonality>1</commonality>
				<options>
					<Miner>3</Miner>
					<YP_Melee>5</YP_Melee>
					<YP_Recruit>5</YP_Recruit>
					<YP_Soldier>3</YP_Soldier>
					<YP_Elite>0</YP_Elite>
					<YP_Officer>0</YP_Officer>
				</options>
			</li>
			<li MayRequire="Ludeon.RimWorld.Ideology">
				<kindDef>Hunters</kindDef>
				<commonality>1</commonality>
				<options>
					<YP_Melee>0</YP_Melee>
					<YP_Recruit>5</YP_Recruit>
					<YP_Soldier>5</YP_Soldier>
					<YP_Elite>3</YP_Elite>
					<YP_Officer>0</YP_Officer>
				</options>
			</li>
			<li MayRequire="Ludeon.RimWorld.Ideology">
				<kindDef>Loggers</kindDef>
				<commonality>1</commonality>
				<options>
					<Logger>3</Logger>
					<YP_Melee>5</YP_Melee>
					<YP_Recruit>5</YP_Recruit>
					<YP_Soldier>3</YP_Soldier>
					<YP_Elite>0</YP_Elite>
					<YP_Officer>0</YP_Officer>
				</options>
			</li>
			<li MayRequire="Ludeon.RimWorld.Ideology">
				<kindDef>Farmers</kindDef>
				<commonality>1</commonality>
				<options>
					<Farmer>3</Farmer>
					<YP_Melee>5</YP_Melee>
					<YP_Recruit>5</YP_Recruit>
					<YP_Soldier>3</YP_Soldier>
					<YP_Elite>0</YP_Elite>
					<YP_Officer>0</YP_Officer>
				</options>
			</li>
		</pawnGroupMakers>
	</FactionDef>

</Defs>