<Defs>
	<FactionDef ParentName="RimsenalBase">
		<defName>Corporate_Deserters</defName>
		<label>기업 탈영병들</label>
		<description>주요 성간 기업들의 전 직원들로, 기업에서 해고되거나 단순히 직무를 내던진 이들입니다. 이제 그들은 단순한 해적에 지나지 않습니다.</description>
		<pawnSingular>탈영병</pawnSingular>
		<pawnsPlural>탈영병들</pawnsPlural>
		<listOrderPriority>43</listOrderPriority>
		<canMakeRandomly>true</canMakeRandomly>
		<permanentEnemy>true</permanentEnemy>
		<canSiege>true</canSiege>
		<leaderTitle>최고 살해 책임자</leaderTitle>
		<factionIconPath>Things/DeserterIcon</factionIconPath>
		<factionNameMaker>NamerDeserterFaction</factionNameMaker>
		<settlementNameMaker>NamerDeserterBase</settlementNameMaker>
		<settlementTexturePath>World/WorldObjects/DefaultSettlement</settlementTexturePath>
		<techLevel>Industrial</techLevel>
		<colorSpectrum>
			<li>(0.50, 0.44, 0.33)</li>
		</colorSpectrum>
		<backstoryFilters>
			<li>
				<categories>
					<li>Offworld</li>
				</categories>
				<commonality>0.50</commonality>
			</li>
			<li>
				<categories>
					<li>Outlander</li>
				</categories>
				<commonality>0.50</commonality>
			</li>
		</backstoryFilters>
		<allowedCultures>
			<li>Anti-Corporatism</li>
		</allowedCultures>
		<requiredMemes>
			<li MayRequire="Ludeon.RimWorld.Ideology">Supremacist</li>
			<li MayRequire="Ludeon.RimWorld.Ideology">Individualist</li>
			<li MayRequire="Ludeon.RimWorld.Ideology">Raider</li>
		</requiredMemes>
		<pawnGroupMakers Inherit="False">
			<li>
				<!-- Normal fights, standard mix -->
				<commonality>100</commonality>
				<kindDef>Combat</kindDef>
				<options>
					<CD_Melee>1</CD_Melee>
					<CD_Recruit>3</CD_Recruit>
					<CD_Soldier>6</CD_Soldier>
					<CD_Elite>1</CD_Elite>
					<CD_Officer>0</CD_Officer>
				</options>
			</li>
			<li>
				<!-- Elite Raid -->
				<commonality>35</commonality>
				<kindDef>Combat</kindDef>
				<options>
					<CD_Melee>2</CD_Melee>
					<CD_Recruit>0</CD_Recruit>
					<CD_Soldier>6</CD_Soldier>
					<CD_Elite>2</CD_Elite>
					<CD_Officer>1</CD_Officer>
					<CD_Leader>0.1</CD_Leader>
				</options>
			</li>
			<li>
				<!-- Swarm Raid -->
				<commonality>15</commonality>
				<kindDef>Combat</kindDef>
				<disallowedStrategies>
					<li>Siege</li>
					<li>StageThenAttack</li>
				</disallowedStrategies>
				<options>
					<CD_Melee>5</CD_Melee>
					<CD_Recruit>5</CD_Recruit>
					<CD_Soldier>3</CD_Soldier>
					<CD_Elite>0</CD_Elite>
					<CD_Officer>0</CD_Officer>
				</options>
			</li>
			<li>
				<kindDef>Peaceful</kindDef>
				<options>
					<Villager>20</Villager>
					<CD_Melee>0</CD_Melee>
					<CD_Recruit>5</CD_Recruit>
					<CD_Soldier>3</CD_Soldier>
					<CD_Elite>0</CD_Elite>
					<CD_Officer>0</CD_Officer>
				</options>
			</li>
			<li>
				<kindDef>Trader</kindDef>
				<traders>
					<Town_Trader>1</Town_Trader>
				</traders>
				<carriers>
					<Muffalo>6</Muffalo>
					<Dromedary>5</Dromedary>
					<Alpaca>2</Alpaca>
					<Elephant>1</Elephant>
				</carriers>
				<guards>
					<Villager>3</Villager>
					<CD_Melee>0</CD_Melee>
					<CD_Recruit>5</CD_Recruit>
					<CD_Soldier>3</CD_Soldier>
					<CD_Elite>2</CD_Elite>
					<CD_Officer>1</CD_Officer>
				</guards>
			</li>
			<li>
				<kindDef>Settlement</kindDef>
				<options>
					<CD_Melee>5</CD_Melee>
					<CD_Recruit>5</CD_Recruit>
					<CD_Soldier>5</CD_Soldier>
					<CD_Elite>3</CD_Elite>
					<CD_Officer>2</CD_Officer>
					<CD_Leader>0.5</CD_Leader>
				</options>
			</li>
			<li MayRequire="Ludeon.RimWorld.Ideology">
				<kindDef>Miners</kindDef>
				<commonality>1</commonality>
				<options>
					<Miner>3</Miner>
					<CD_Melee>5</CD_Melee>
					<CD_Recruit>5</CD_Recruit>
					<CD_Soldier>3</CD_Soldier>
					<CD_Elite>0</CD_Elite>
					<CD_Officer>0</CD_Officer>
				</options>
			</li>
			<li MayRequire="Ludeon.RimWorld.Ideology">
				<kindDef>Hunters</kindDef>
				<commonality>1</commonality>
				<options>
					<CD_Melee>0</CD_Melee>
					<CD_Recruit>5</CD_Recruit>
					<CD_Soldier>5</CD_Soldier>
					<CD_Elite>3</CD_Elite>
					<CD_Officer>0</CD_Officer>
				</options>
			</li>
			<li MayRequire="Ludeon.RimWorld.Ideology">
				<kindDef>Loggers</kindDef>
				<commonality>1</commonality>
				<options>
					<Logger>3</Logger>
					<CD_Melee>5</CD_Melee>
					<CD_Recruit>5</CD_Recruit>
					<CD_Soldier>3</CD_Soldier>
					<CD_Elite>0</CD_Elite>
					<CD_Officer>0</CD_Officer>
				</options>
			</li>
			<li MayRequire="Ludeon.RimWorld.Ideology">
				<kindDef>Farmers</kindDef>
				<commonality>1</commonality>
				<options>
					<Farmer>3</Farmer>
					<CD_Melee>5</CD_Melee>
					<CD_Recruit>5</CD_Recruit>
					<CD_Soldier>3</CD_Soldier>
					<CD_Elite>0</CD_Elite>
					<CD_Officer>0</CD_Officer>
				</options>
			</li>
		</pawnGroupMakers>
		
	</FactionDef>
</Defs>