<Defs>
	<FactionDef ParentName="RimsenalBase">
		<defName>Tisiphone_Enterprise</defName>
		<label>티시폰 엔터프라이즈</label>
		<description>연방과 연방의 평화유지군을 추적하고 몰살하기 위해 설립된 티시폰 사냥 분견대는 그들의 목적을 위해 어떠한 수단도 감수할 무자비한 복수의 화신들입니다. \n\n반 연방 키네틱 충격 무기를 사용하는 티시폰의 사냥꾼들은 연방의 흔적 하나라도 있다면 지옥까지 침략할 자들로 정평이 나 있습니다.</description>
		<pawnSingular>사냥꾼</pawnSingular>
		<pawnsPlural>사냥꾼들</pawnsPlural>
		<listOrderPriority>41</listOrderPriority>
		<canMakeRandomly>true</canMakeRandomly>
		<canSiege>false</canSiege>
		<leaderTitle>사냥 지휘자</leaderTitle>
		<factionIconPath>Things/TisiphoneIconBlack</factionIconPath>
		<factionNameMaker>NamerTisiphoneFaction</factionNameMaker>
		<settlementNameMaker>NamerTisiphoneBase</settlementNameMaker>
		<settlementTexturePath>World/WorldObjects/DefaultSettlement</settlementTexturePath>
		<techLevel>Spacer</techLevel>
		<backstoryFilters>
			<li>
				<categories>
					<li>Offworld</li>
				</categories>
				<commonality>0.50</commonality>
			</li>
			<li>
				<categories>
					<li>Outlander</li>
				</categories>
				<commonality>0.25</commonality>
			</li>
			<li>
				<categories>
					<li>Pirate</li>
				</categories>
				<commonality>0.15</commonality>
			</li>
			<li>
				<categories>
					<li>Tribal</li>
				</categories>
				<commonality>0.10</commonality>
			</li>
		</backstoryFilters>
		<allowedCultures>
			<li>Tantalism</li>
		</allowedCultures>
		<disallowedMemes>
			<li MayRequire="Ludeon.RimWorld.Ideology">Supremacist</li>
		</disallowedMemes>
		<requiredMemes>
			<li MayRequire="Ludeon.RimWorld.Ideology">Individualist</li>
		</requiredMemes>
		<pawnGroupMakers Inherit="False">
			<li>
				<!-- Normal fights, standard mix -->
				<commonality>100</commonality>
				<kindDef>Combat</kindDef>
				<options>
					<TE_Melee>3</TE_Melee>
					<TE_Recruit>4</TE_Recruit>
					<TE_Soldier>12</TE_Soldier>
					<TE_Elite>4</TE_Elite>
					<TE_Officer>1</TE_Officer>
				</options>
			</li>
			<li>
				<!-- Elite Raid -->
				<commonality>35</commonality>
				<kindDef>Combat</kindDef>
				<options>
					<TE_Melee>2</TE_Melee>
					<TE_Recruit>0</TE_Recruit>
					<TE_Soldier>6</TE_Soldier>
					<TE_Elite>2</TE_Elite>
					<TE_Officer>1</TE_Officer>
					<TE_Leader>0.1</TE_Leader>
				</options>
			</li>
			<li>
				<!-- Swarm Raid -->
				<commonality>15</commonality>
				<kindDef>Combat</kindDef>
				<disallowedStrategies>
					<li>Siege</li>
					<li>StageThenAttack</li>
				</disallowedStrategies>
				<options>
					<TE_Melee>5</TE_Melee>
					<TE_Recruit>5</TE_Recruit>
					<TE_Soldier>1</TE_Soldier>
					<TE_Elite>0</TE_Elite>
					<TE_Officer>0</TE_Officer>
				</options>
			</li>
			<li>
				<kindDef>Peaceful</kindDef>
				<options>
					<Villager>20</Villager>
					<TE_Melee>0</TE_Melee>
					<TE_Recruit>5</TE_Recruit>
					<TE_Soldier>3</TE_Soldier>
					<TE_Elite>0</TE_Elite>
					<TE_Officer>0</TE_Officer>
				</options>
			</li>
			<li>
				<kindDef>Trader</kindDef>
				<traders>
					<Town_Trader>1</Town_Trader>
				</traders>
				<carriers>
					<Muffalo>6</Muffalo>
					<Dromedary>5</Dromedary>
					<Alpaca>2</Alpaca>
					<Elephant>1</Elephant>
				</carriers>
				<guards>
					<Villager>3</Villager>
					<TE_Melee>0</TE_Melee>
					<TE_Recruit>5</TE_Recruit>
					<TE_Soldier>3</TE_Soldier>
					<TE_Elite>2</TE_Elite>
					<TE_Officer>1</TE_Officer>
				</guards>
			</li>
			<li>
				<kindDef>Settlement</kindDef>
				<options>
					<TE_Melee>5</TE_Melee>
					<TE_Recruit>5</TE_Recruit>
					<TE_Soldier>5</TE_Soldier>
					<TE_Elite>3</TE_Elite>
					<TE_Officer>2</TE_Officer>
					<TE_Leader>0.5</TE_Leader>
				</options>
			</li>
			<li MayRequire="Ludeon.RimWorld.Ideology">
				<kindDef>Miners</kindDef>
				<commonality>1</commonality>
				<options>
					<Miner>3</Miner>
					<TE_Melee>5</TE_Melee>
					<TE_Recruit>5</TE_Recruit>
					<TE_Soldier>3</TE_Soldier>
					<TE_Elite>0</TE_Elite>
					<TE_Officer>0</TE_Officer>
				</options>
			</li>
			<li MayRequire="Ludeon.RimWorld.Ideology">
				<kindDef>Hunters</kindDef>
				<commonality>1</commonality>
				<options>
					<TE_Melee>0</TE_Melee>
					<TE_Recruit>5</TE_Recruit>
					<TE_Soldier>5</TE_Soldier>
					<TE_Elite>3</TE_Elite>
					<TE_Officer>0</TE_Officer>
				</options>
			</li>
			<li MayRequire="Ludeon.RimWorld.Ideology">
				<kindDef>Loggers</kindDef>
				<commonality>1</commonality>
				<options>
					<Logger>3</Logger>
					<TE_Melee>5</TE_Melee>
					<TE_Recruit>5</TE_Recruit>
					<TE_Soldier>3</TE_Soldier>
					<TE_Elite>0</TE_Elite>
					<TE_Officer>0</TE_Officer>
				</options>
			</li>
			<li MayRequire="Ludeon.RimWorld.Ideology">
				<kindDef>Farmers</kindDef>
				<commonality>1</commonality>
				<options>
					<Farmer>3</Farmer>
					<TE_Melee>5</TE_Melee>
					<TE_Recruit>5</TE_Recruit>
					<TE_Soldier>3</TE_Soldier>
					<TE_Elite>0</TE_Elite>
					<TE_Officer>0</TE_Officer>
				</options>
			</li>
		</pawnGroupMakers>
	</FactionDef>
</Defs>