<Defs>
	<FactionDef ParentName="RimsenalBase">
		<defName>Greydale_Defense</defName>
		<label>그레이데일 디펜스</label>
		<description>전 은하에서 가장 큰 테라포밍 조직인 그레이데일 재단은 초기 식민지화에 필요한 견고하고 효율적인 장비를 생산하는 곳으로 유명합니다. 이미 성공적으로 식민화된 행성에서도 그레이데일 장비를 생산하는 것도 흔히 볼 수 있는 일입니다.\n\n재단의 모듈형 장비는 생산과 유지보수가 쉬운 편입니다. 변방계의 구석진 정착지의 민병대조차 그레이데일 재단의 장비로 무장한 경우가 많습니다. 그럴 만한 이유가 있어요.</description>
		<pawnSingular>보안 계약자</pawnSingular>
		<pawnsPlural>보안 계약자</pawnsPlural>
		<listOrderPriority>42</listOrderPriority>
		<canMakeRandomly>true</canMakeRandomly>
		<canSiege>true</canSiege>
		<leaderTitle>보안 관리자</leaderTitle>
		<factionIconPath>Things/GreydaleIconBlack</factionIconPath>
		<factionNameMaker>NamerGreydaleFaction</factionNameMaker>
		<settlementNameMaker>NamerGreydaleBase</settlementNameMaker>
		<settlementTexturePath>World/WorldObjects/DefaultSettlement</settlementTexturePath>
		<techLevel>Spacer</techLevel>
		<backstoryFilters>
			<li>
				<categories>
					<li>Offworld</li>
				</categories>
				<commonality>0.50</commonality>
			</li>
			<li>
				<categories>
					<li>Outlander</li>
				</categories>
				<commonality>0.50</commonality>
			</li>
		</backstoryFilters>
		<allowedCultures>
			<li>Anthropocentrism</li>
		</allowedCultures>
		<requiredMemes>
			<li MayRequire="Ludeon.RimWorld.Ideology">Loyalist</li>
			<li MayRequire="Ludeon.RimWorld.Ideology">Collectivist</li>
			<li MayRequire="Ludeon.RimWorld.Ideology">HumanPrimacy</li>
		</requiredMemes>
		<pawnGroupMakers Inherit="False">
			<li>
				<!-- Normal fights, standard mix -->
				<commonality>100</commonality>
				<kindDef>Combat</kindDef>
				<options>
					<GD_Grunt_Melee>1</GD_Grunt_Melee>
					<GD_Grunt_Pistol>1.5</GD_Grunt_Pistol>
					<GD_Defender_Rifle>30</GD_Defender_Rifle>
					<GD_Defender_Scout>25</GD_Defender_Scout>
					<GD_Defender_Grenadier>20</GD_Defender_Grenadier>
					<GD_Defender_Melee>20</GD_Defender_Melee>
					<GD_Protector_Carbine>35</GD_Protector_Carbine>
					<GD_Protector_DMR>20</GD_Protector_DMR>
					<GD_Protector_LMG>20</GD_Protector_LMG>
					<GD_Protector_Grenadier>18</GD_Protector_Grenadier>
					<GD_Protector_Sapper>20</GD_Protector_Sapper>
					<GD_Protector_Recon>30</GD_Protector_Recon>
					<GD_Elite_Pioneer>25</GD_Elite_Pioneer>
					<GD_Elite_Nomad>15</GD_Elite_Nomad>
					<GD_Elite_Sniper>15</GD_Elite_Sniper>
					<GD_Elite_Medic>15</GD_Elite_Medic>
				</options>
			</li>
			<li>
				<!-- Elite Raid -->
				<commonality>35</commonality>
				<kindDef>Combat</kindDef>
				<options>
					<GD_Elite_Pioneer>8</GD_Elite_Pioneer>
					<GD_Elite_Nomad>5</GD_Elite_Nomad>
					<GD_Elite_Sniper>5</GD_Elite_Sniper>
					<GD_Elite_Medic>8</GD_Elite_Medic>
				</options>
			</li>
			<li>
				<!-- Swarm Raid -->
				<commonality>25</commonality>
				<kindDef>Combat</kindDef>
				<options>
					<GD_Grunt_Melee>8</GD_Grunt_Melee>
					<GD_Grunt_Pistol>8</GD_Grunt_Pistol>
					<GD_Defender_Rifle>3</GD_Defender_Rifle>
					<GD_Defender_Scout>3</GD_Defender_Scout>
					<GD_Defender_Grenadier>2</GD_Defender_Grenadier>
					<GD_Defender_Melee>3</GD_Defender_Melee>
				</options>
			</li>
			<li>
				<kindDef>Peaceful</kindDef>
				<options>
					<Villager>20</Villager>
					<GD_Grunt_Pistol>1</GD_Grunt_Pistol>
					<GD_Defender_Rifle>2</GD_Defender_Rifle>
				</options>
			</li>
			<li>
				<kindDef>Trader</kindDef>
				<traders>
					<Town_Trader>1</Town_Trader>
				</traders>
				<carriers>
					<Muffalo>6</Muffalo>
					<Dromedary>5</Dromedary>
					<Alpaca>2</Alpaca>
					<Elephant>1</Elephant>
				</carriers>
				<guards>
					<Villager>3</Villager>
					<GD_Grunt_Pistol>1</GD_Grunt_Pistol>
					<GD_Defender_Rifle>2</GD_Defender_Rifle>
					<GD_Defender_Scout>2</GD_Defender_Scout>
				</guards>
			</li>
			<li>
				<kindDef>Settlement</kindDef>
				<options>
					<GD_Grunt_Melee>1</GD_Grunt_Melee>
					<GD_Grunt_Pistol>1.5</GD_Grunt_Pistol>
					<GD_Defender_Rifle>30</GD_Defender_Rifle>
					<GD_Defender_Scout>25</GD_Defender_Scout>
					<GD_Defender_Grenadier>20</GD_Defender_Grenadier>
					<GD_Defender_Melee>20</GD_Defender_Melee>
					<GD_Protector_Carbine>35</GD_Protector_Carbine>
					<GD_Protector_DMR>20</GD_Protector_DMR>
					<GD_Protector_LMG>20</GD_Protector_LMG>
					<GD_Protector_Grenadier>18</GD_Protector_Grenadier>
					<GD_Protector_Sapper>20</GD_Protector_Sapper>
					<GD_Protector_Recon>30</GD_Protector_Recon>
					<GD_Elite_Pioneer>25</GD_Elite_Pioneer>
					<GD_Elite_Nomad>15</GD_Elite_Nomad>
					<GD_Elite_Sniper>15</GD_Elite_Sniper>
					<GD_Elite_Medic>15</GD_Elite_Medic>
				</options>
			</li>
			<li MayRequire="Ludeon.RimWorld.Ideology">
				<kindDef>Miners</kindDef>
				<commonality>1</commonality>
				<options>
					<Miner>3</Miner>
					<GD_Grunt_Pistol>1.5</GD_Grunt_Pistol>
					<GD_Defender_Rifle>2</GD_Defender_Rifle>
					<GD_Defender_Scout>2</GD_Defender_Scout>
				</options>
			</li>
			<li MayRequire="Ludeon.RimWorld.Ideology">
				<kindDef>Hunters</kindDef>
				<commonality>1</commonality>
				<options>
					<GD_Grunt_Pistol>1.5</GD_Grunt_Pistol>
					<GD_Defender_Rifle>2</GD_Defender_Rifle>
					<GD_Defender_Scout>2</GD_Defender_Scout>
				</options>
			</li>
			<li MayRequire="Ludeon.RimWorld.Ideology">
				<kindDef>Loggers</kindDef>
				<commonality>1</commonality>
				<options>
					<Logger>3</Logger>
					<GD_Grunt_Pistol>1.5</GD_Grunt_Pistol>
					<GD_Defender_Rifle>2</GD_Defender_Rifle>
					<GD_Defender_Scout>2</GD_Defender_Scout>
				</options>
			</li>
			<li MayRequire="Ludeon.RimWorld.Ideology">
				<kindDef>Farmers</kindDef>
				<commonality>1</commonality>
				<options>
					<Farmer>3</Farmer>
					<GD_Grunt_Pistol>1.5</GD_Grunt_Pistol>
					<GD_Defender_Rifle>2</GD_Defender_Rifle>
					<GD_Defender_Scout>2</GD_Defender_Scout>
				</options>
			</li>
		</pawnGroupMakers>
	</FactionDef>
</Defs>