<Defs>
	<PawnKindDef ParentName ="RCF_BasePawn" Name="JI_BasePawn" Abstract="True">
		<defaultFactionType>Jotun_Interstellar</defaultFactionType>
		<apparelTags>
			<li>CO_Carbonsuit</li>
		</apparelTags>
		<skills>
		  <li>
			<skill>Shooting</skill>
			<range>8~13</range>
		  </li>
		  <li>
			<skill>Melee</skill>
			<range>9~14</range>
		  </li>
		</skills>
		<weaponMoney>1500~5000</weaponMoney>
	</PawnKindDef>

	<PawnKindDef ParentName ="RCF_ElitePawn" Name="JI_ElitePawn" Abstract="True">
		<defaultFactionType>Jotun_Interstellar</defaultFactionType>
		<apparelTags>
			<li>CO_Carbonsuit</li>
		</apparelTags>
		<skills>
		  <li>
			<skill>Shooting</skill>
			<range>10~16</range>
		  </li>
		  <li>
			<skill>Melee</skill>
			<range>10~16</range>
		  </li>
		</skills>
		<weaponMoney>2000~7500</weaponMoney>
	</PawnKindDef>

	<PawnKindDef ParentName="JI_BasePawn">
		<defName>JI_Recruit</defName>
		<label>드렝거</label>
		<labelPlural>드렝거들</labelPlural>
		<combatPower>95</combatPower>
		<weaponTags>
			<li>JI_Pistol</li>
		</weaponTags>
		<isFighter>true</isFighter>
		<canBeSapper>false</canBeSapper>
		<apparelRequired>
			<li>Apparel_SimpleHelmet</li>
			<li>Apparel_PlateArmor</li>
		</apparelRequired>
		<specificApparelRequirements>
			<li>
				<color>(123,117,90)</color>
			</li>
		</specificApparelRequirements>
		<apparelMoney>
			<min>600</min>
			<max>1000</max>
		</apparelMoney>
		<apparelAllowHeadgearChance>0.65</apparelAllowHeadgearChance>
	</PawnKindDef>

	<PawnKindDef ParentName="JI_BasePawn">
		<defName>JI_Melee</defName>
		<label>버서커</label>
		<labelPlural>버서커들</labelPlural>
		<combatPower>200</combatPower>
		<isFighter>true</isFighter>
		<canBeSapper>false</canBeSapper>
		<apparelMoney>
			<min>3500</min>
			<max>4500</max>
		</apparelMoney>
		<apparelRequired>
			<li>Apparel_CloseCombatArmor</li>
			<li>Apparel_CloseCombatHelmet</li>
		</apparelRequired>
		<weaponTags>
			<li>JI_Melee</li>
		</weaponTags>
		<specificApparelRequirements>
			<li>
				<color>(123,117,90)</color>
			</li>
		</specificApparelRequirements>
		<apparelAllowHeadgearChance>1</apparelAllowHeadgearChance>
	</PawnKindDef>
	
	<PawnKindDef ParentName="JI_BasePawn">
		<defName>JI_Soldier</defName>
		<label>허스칼</label>
		<labelPlural>허스칼들</labelPlural>
		<combatPower>170</combatPower>
		<isFighter>true</isFighter>
		<canBeSapper>false</canBeSapper>
		<apparelMoney>
			<min>3500</min>
			<max>4500</max>
		</apparelMoney>
		<apparelRequired>
			<li>Apparel_AssaultArmor</li>
			<li>Apparel_AssaultArmorH</li>
		</apparelRequired>
		<weaponTags>
			<li>JI_Medium</li>
		</weaponTags>
		<apparelAllowHeadgearChance>0.8</apparelAllowHeadgearChance>
	</PawnKindDef>

	<PawnKindDef ParentName="JI_ElitePawn">
		<defName>JI_Elite</defName>
		<label>에인헤랴르</label>
		<labelPlural>에인헤랴르들</labelPlural>
		<combatPower>220</combatPower>
		<isFighter>true</isFighter>
		<canBeSapper>false</canBeSapper>
		<apparelRequired>
			<li>Apparel_FSArmor</li>
			<li>Apparel_FSArmorH</li>
		</apparelRequired>
		<weaponTags>
			<li>JI_Heavy</li>
		</weaponTags>
		<apparelMoney>
			<min>4500</min>
			<max>5500</max>
		</apparelMoney>
		<apparelAllowHeadgearChance>0.9</apparelAllowHeadgearChance>
	</PawnKindDef>

	<PawnKindDef ParentName="JI_ElitePawn">
		<defName>JI_Sapper</defName>
		<label>이바르</label>
		<labelPlural>이바르들</labelPlural>
		<combatPower>190</combatPower>
		<isFighter>true</isFighter>
		<canBeSapper>true</canBeSapper>
		<apparelRequired>
			<li>Apparel_FSArmor</li>
			<li>Apparel_FSArmorH</li>
		</apparelRequired>
		<weaponTags>
			<li>JI_Sapper</li>
		</weaponTags>
		<apparelMoney>
			<min>4500</min>
			<max>5500</max>
		</apparelMoney>
		<apparelAllowHeadgearChance>0.8</apparelAllowHeadgearChance>
	</PawnKindDef>

	<PawnKindDef ParentName="JI_ElitePawn">
		<defName>JI_Officer</defName>
		<label>스칼드</label>
		<labelPlural>스칼드들</labelPlural>
		<combatPower>305</combatPower>
		<isFighter>true</isFighter>
		<canBeSapper>false</canBeSapper>
		<itemQuality Inherit="False" >Excellent</itemQuality>
		<apparelRequired>
			<li>Apparel_AssaultArmor</li>
			<li>Apparel_AssaultArmorH</li>
		</apparelRequired>
		<weaponTags>
			<li>JI_Medium</li>
		</weaponTags>
		<apparelMoney>
			<min>5500</min>
			<max>6500</max>
		</apparelMoney>
		<apparelAllowHeadgearChance>0.8</apparelAllowHeadgearChance>
	</PawnKindDef>

	<PawnKindDef ParentName="JI_ElitePawn">
		<defName>JI_Leader</defName>
		<label>야를</label>
		<labelPlural>야를들</labelPlural>
		<combatPower>450</combatPower>
		<isFighter>true</isFighter>
		<canBeSapper>false</canBeSapper>
		<factionLeader>true</factionLeader>
		<itemQuality Inherit="False" >Masterwork</itemQuality>
		<apparelRequired>
			<li>Apparel_AssaultArmor</li>
			<li>Apparel_AssaultArmorH</li>
		</apparelRequired>
		<weaponTags>
			<li>JI_Medium</li>
		</weaponTags>
		<apparelMoney>
			<min>7500</min>
			<max>9500</max>
		</apparelMoney>
		<apparelAllowHeadgearChance>1</apparelAllowHeadgearChance>
	</PawnKindDef>
</Defs>