<Defs>
	<PawnKindDef Name="CD_BasePawn" ParentName="RCF_BasePawn" Abstract="True">
		<defaultFactionType>Corporate_Deserters</defaultFactionType>
		<skills>
			<li>
				<skill>Shooting</skill>
				<range>3~10</range>
			</li>
			<li>
				<skill>Melee</skill>
				<range>3~10</range>
			</li>
		</skills>
		<specificApparelRequirements>
			<li>
				<color>(199,199,199)</color>
			</li>
		</specificApparelRequirements>
	</PawnKindDef>

	<PawnKindDef Name="CD_ElitePawn" ParentName="RCF_ElitePawn" Abstract="True">
		<defaultFactionType>Corporate_Deserters</defaultFactionType>
		<skills>
			<li>
				<skill>Shooting</skill>
				<range>5~13</range>
			</li>
			<li>
				<skill>Melee</skill>
				<range>4~12</range>
			</li>
		</skills>
		<specificApparelRequirements>
			<li>
				<color>(122,122,122)</color>
			</li>
		</specificApparelRequirements>
	</PawnKindDef>

	<PawnKindDef ParentName="CD_BasePawn">
		<defName>CD_Recruit</defName>
		<label>배반자</label>
		<labelPlural>배반자들</labelPlural>
		<itemQuality Inherit="False" >Awful</itemQuality>
		<combatPower>45</combatPower>
		<weaponTags>
			<li>CD_KineticPistol</li>
			<li>GD_AutoPistol</li>
			<li>GD_BasicPistol</li>
			<li>JI_Pistol</li>
			<li>YP_ShardPistols</li>
		</weaponTags>
		<isFighter>true</isFighter>
		<canBeSapper>false</canBeSapper>
		<apparelRequired>
			<li>Apparel_SimpleHelmet</li>
		</apparelRequired>
		<apparelMoney>
			<min>600</min>
			<max>1000</max>
		</apparelMoney>
		<weaponMoney>
			<min>400</min>
			<max>1100</max>
		</weaponMoney>
		<apparelAllowHeadgearChance>0.35</apparelAllowHeadgearChance>
	</PawnKindDef>

	<PawnKindDef ParentName="CD_BasePawn">
		<defName>CD_Melee</defName>
		<label>부랑자</label>
		<labelPlural>부랑자들</labelPlural>
		<combatPower>135</combatPower>
		<itemQuality Inherit="False" >Poor</itemQuality>
		<isFighter>true</isFighter>
		<canBeSapper>false</canBeSapper>
		<apparelMoney>
			<min>3500</min>
			<max>4500</max>
		</apparelMoney>
		<apparelRequired>
			<li>Apparel_CloseCombatArmor</li>
			<li>Apparel_CloseCombatHelmet</li>
		</apparelRequired>
		<weaponTags>
			<li>CD_Eris</li>
			<li>YP_Knife</li>
			<li>JI_Melee</li>
			<li>GD_Knife</li>
		</weaponTags>
		<weaponMoney>
			<min>500</min>
			<max>1100</max>
		</weaponMoney>
		<apparelAllowHeadgearChance>1</apparelAllowHeadgearChance>
	</PawnKindDef>

	<PawnKindDef ParentName="CD_BasePawn">
		<defName>CD_Soldier</defName>
		<label>탈영병</label>
		<labelPlural>탈영병들</labelPlural>
		<combatPower>135</combatPower>
		<itemQuality Inherit="False" >Poor</itemQuality>
		<isFighter>true</isFighter>
		<canBeSapper>false</canBeSapper>
		<apparelMoney>
			<min>3500</min>
			<max>4500</max>
		</apparelMoney>
		<apparelTags>
			<li>GD_ArmorL</li>
			<li>GD_ArmorHL</li>
			<li>JI_ArmorL</li>
			<li>JI_ArmorHL</li>
			<li>TE_ArmorL</li>
			<li>TE_ArmorHL</li>
			<li>YP_ArmorL</li>
			<li>YP_ArmorHL</li>
		</apparelTags>
		<weaponTags>
			<li>TE_KineticRifle</li>
			<li>TE_ThuddGun</li>
			<li>JI_Medium</li>
			<li>YP_ShardRifle</li>
			<li>YP_Shotgun</li>
			<li>GD_Carbine</li>
			<li>GD_Rifle</li>
		</weaponTags>
		<weaponMoney>
			<min>1100</min>
			<max>1600</max>
		</weaponMoney>
		<apparelAllowHeadgearChance>0.8</apparelAllowHeadgearChance>
	</PawnKindDef>

	<PawnKindDef ParentName="CD_ElitePawn">
		<defName>CD_Elite</defName>
		<label>탈주자</label>
		<labelPlural>탈주자들</labelPlural>
		<combatPower>155</combatPower>
		<itemQuality Inherit="False" >Normal</itemQuality>
		<isFighter>true</isFighter>
		<canBeSapper>true</canBeSapper>
		<apparelTags>
			<li>GD_ArmorE</li>
			<li>GD_ArmorHE</li>
			<li>JI_ArmorE</li>
			<li>JI_ArmorHE</li>
			<li>TE_ArmorE</li>
			<li>TE_ArmorHE</li>
			<li>YP_ArmorE</li>
			<li>YP_ArmorHE</li>
		</apparelTags>
		<weaponTags>
			<li>TE_KineticLance</li>
			<li>GD_HybridRifle</li>
			<li>GD_GrenadeLauncher</li>
			<li>GD_INGrenadeLauncher</li>
			<li>JI_Heavy</li>
			<li>YP_SpikeLance</li>
		</weaponTags>
		<apparelMoney>
			<min>4500</min>
			<max>5500</max>
		</apparelMoney>
		<weaponMoney>
			<min>1200</min>
			<max>1800</max>
		</weaponMoney>
		<apparelAllowHeadgearChance>0.9</apparelAllowHeadgearChance>
	</PawnKindDef>

	<PawnKindDef ParentName="CD_ElitePawn">
		<defName>CD_Officer</defName>
		<label>찬탈자</label>
		<labelPlural>찬탈자들</labelPlural>
		<combatPower>195</combatPower>
		<isFighter>true</isFighter>
		<canBeSapper>false</canBeSapper>
		<itemQuality Inherit="False" >Good</itemQuality>
		<apparelTags>
			<li>GD_ArmorE</li>
			<li>GD_ArmorHE</li>
			<li>JI_ArmorE</li>
			<li>JI_ArmorHE</li>
			<li>TE_ArmorE</li>
			<li>TE_ArmorHE</li>
			<li>YP_ArmorE</li>
			<li>YP_ArmorHE</li>
		</apparelTags>
		<weaponTags>
			<li>TE_KineticRifle</li>
			<li>JI_Medium</li>
			<li>YP_SpikeLance</li>
			<li>GD_HybridRifle</li>
		</weaponTags>
		<apparelMoney>
			<min>5500</min>
			<max>6500</max>
		</apparelMoney>
		<weaponMoney>
			<min>1500</min>
			<max>2100</max>
		</weaponMoney>
		<apparelAllowHeadgearChance>0.8</apparelAllowHeadgearChance>
	</PawnKindDef>

	<PawnKindDef ParentName="CD_ElitePawn">
		<defName>CD_Leader</defName>
		<label>압제자</label>
		<labelPlural>압제자</labelPlural>
		<combatPower>325</combatPower>
		<isFighter>true</isFighter>
		<canBeSapper>false</canBeSapper>
		<factionLeader>true</factionLeader>
		<itemQuality Inherit="False" >Excellent</itemQuality>
		<apparelTags>
			<li>GD_ArmorE</li>
			<li>GD_ArmorHE</li>
			<li>JI_ArmorE</li>
			<li>JI_ArmorHE</li>
			<li>TE_ArmorE</li>
			<li>TE_ArmorHE</li>
			<li>YP_ArmorE</li>
			<li>YP_ArmorHE</li>
		</apparelTags>
		<weaponTags>
			<li>TE_KineticLance</li>
			<li>GD_HybridRifle</li>
			<li>GD_GrenadeLauncher</li>
			<li>GD_INGrenadeLauncher</li>
			<li>JI_Heavy</li>
			<li>YP_SpikeLance</li>
		</weaponTags>
		<apparelMoney>
			<min>7500</min>
			<max>9500</max>
		</apparelMoney>
		<weaponMoney>
			<min>2500</min>
			<max>3500</max>
		</weaponMoney>
		<apparelAllowHeadgearChance>1</apparelAllowHeadgearChance>
	</PawnKindDef>
</Defs>