<?xml version="1.0" encoding="utf-8" ?>
<Defs>

	<PawnKindDef Name="GD_BasePawn" ParentName="RCF_BasePawn" Abstract="True">
		<defaultFactionType>Greydale_Defense</defaultFactionType>
	</PawnKindDef>

	<PawnKindDef Name="GD_ElitePawn" ParentName="RCF_ElitePawn" Abstract="True">
		<defaultFactionType>Greydale_Defense</defaultFactionType>
	</PawnKindDef>
	
	
	<!--Grunts : Just Clothes-->
	
	<PawnKindDef Name="GD_GruntBase" ParentName="GD_BasePawn" Abstract="True">
		<combatPower>45</combatPower>
		<itemQuality Inherit="False" >Poor</itemQuality>
		<isFighter>true</isFighter>
		<canBeSapper>false</canBeSapper>
		<apparelMoney>
			<min>1600</min>
			<max>1800</max>
		</apparelMoney>
		<specificApparelRequirements>
			<li>
				<color>(93,108,91)</color>
			</li>
		</specificApparelRequirements>
		<apparelTags>
			<li>CO_Carbonsuit</li>
		</apparelTags>
		<apparelAllowHeadgearChance>0.35</apparelAllowHeadgearChance>
    </PawnKindDef>
  
	<PawnKindDef ParentName="GD_GruntBase">
		<defName>GD_Grunt_Melee</defName>
		<label>무능인</label>
		<labelPlural>무능인들</labelPlural>
		<weaponTags>
			<li>GD_Knife</li>
		</weaponTags>
		<weaponMoney>
			<min>1000</min>
			<max>1000</max>
		</weaponMoney>
    </PawnKindDef>
  
	<PawnKindDef ParentName="GD_GruntBase">
		<defName>GD_Grunt_Pistol</defName>
		<combatPower>65</combatPower>
		<label>조무래기</label>
		<labelPlural>조무래기들</labelPlural>
		<apparelMoney>
			<min>1600</min>
			<max>1800</max>
		</apparelMoney>
		<apparelRequired>
			<li>Apparel_AdvancedHelmet</li>
		</apparelRequired>
		<apparelAllowHeadgearChance>1</apparelAllowHeadgearChance>
		<weaponTags>
			<li>GD_AutoPistol</li>
			<li>GD_BasicPistol</li>
		</weaponTags>
		<weaponMoney>
			<min>1000</min>
			<max>1000</max>
		</weaponMoney>
	</PawnKindDef>
	
	<!--Defenders : Security Armor-->
	
	<PawnKindDef Name="GD_DefenderBase" ParentName="GD_BasePawn" Abstract="True">
		<combatPower>95</combatPower>
		<itemQuality Inherit="False" >Poor</itemQuality>
		<isFighter>true</isFighter>
		<canBeSapper>false</canBeSapper>
		<apparelMoney>
			<min>9500</min>
			<max>9500</max>
		</apparelMoney>
		<apparelTags>
			<li>CO_Carbonsuit</li>
		</apparelTags>
		<specificApparelRequirements>
			<li>
				<color>(255,255,255)</color>
			</li>
		</specificApparelRequirements>
		<apparelAllowHeadgearChance>1</apparelAllowHeadgearChance>
		<skills>
		  <li>
			<skill>Shooting</skill>
			<range>6~10</range>
		  </li>
		</skills>
    </PawnKindDef>

	<PawnKindDef ParentName="GD_DefenderBase">
		<defName>GD_Defender_Rifle</defName>
		<label>방어자</label>
		<labelPlural>방어자들</labelPlural>
		<weaponTags>
			<li>GD_Rifle</li>
			<li>GD_Carbine</li>
		</weaponTags>
		<apparelRequired>
			<li>Apparel_SecurityArmor</li>
			<li>Apparel_SecurityHelmet</li>
		</apparelRequired>
		<weaponMoney>
			<min>1700</min>
			<max>1700</max>
		</weaponMoney>
	</PawnKindDef>

	<PawnKindDef ParentName="GD_DefenderBase">
		<defName>GD_Defender_Melee</defName>
		<label>사브르</label>
		<labelPlural>사브르들</labelPlural>
		<combatPower>75</combatPower>
		<weaponTags>
			<li>GD_Knife</li>
		</weaponTags>
		<skills>
			<li>
				<skill>Melee</skill>
				<range>8~10</range>
			</li>
		</skills>
		<apparelRequired>
			<li>Apparel_SecurityArmor</li>
			<li>Apparel_SecurityHelmet</li>
		</apparelRequired>
		<weaponMoney>
			<min>1700</min>
			<max>1700</max>
		</weaponMoney>
	</PawnKindDef>
	
	<PawnKindDef ParentName="GD_DefenderBase">
		<defName>GD_Defender_Scout</defName>
		<label>정찰병</label>
		<labelPlural>정찰병들</labelPlural>
		<combatPower>75</combatPower>
		<weaponTags>
			<li>GD_SMG</li>
			<li>GD_MachinePistol</li>
			<li>GD_Shotgun</li>
		</weaponTags>
		<apparelRequired>
			<li>Apparel_SecurityArmor</li>
			<li>Apparel_SecurityHelmet</li>
		</apparelRequired>
		<weaponMoney>
			<min>1700</min>
			<max>1700</max>
		</weaponMoney>
    </PawnKindDef>
	
	<PawnKindDef ParentName="GD_DefenderBase">
		<defName>GD_Defender_Grenadier</defName>
		<label>척탄병</label>
		<labelPlural>척탄병들</labelPlural>
		<combatPower>115</combatPower>
		<canBeSapper>true</canBeSapper>
		<apparelAllowHeadgearChance>1</apparelAllowHeadgearChance>
		<weaponTags>
			<li>GD_Grenades</li>
			<li>GD_Flakker</li>
		</weaponTags>
		<apparelRequired>
			<li>Apparel_SecurityArmor</li>
			<li>Apparel_SecurityHelmet</li>
		</apparelRequired>
		<weaponMoney>
			<min>1700</min>
			<max>1700</max>
		</weaponMoney>
    </PawnKindDef>
	
	<!--Protectors : Security Armor + Extras-->
	
	<PawnKindDef Name="GD_ProtectorBase" ParentName="GD_BasePawn" Abstract="True">
		<combatPower>125</combatPower>
		<itemQuality Inherit="False" >Excellent</itemQuality>
		<isFighter>true</isFighter>
		<canBeSapper>false</canBeSapper>
		<apparelMoney>
			<min>12000</min>
			<max>12000</max>
		</apparelMoney>
		<specificApparelRequirements>
			<li>
				<color>(222,222,222)</color>
			</li>
		</specificApparelRequirements>
		<apparelTags>
			<li>CO_Carbonsuit</li>
		</apparelTags>
		<apparelAllowHeadgearChance>1</apparelAllowHeadgearChance>
		<skills>
		  <li>
			<skill>Shooting</skill>
			<range>7~11</range>
		  </li>
		</skills>
    </PawnKindDef>
	
	<PawnKindDef ParentName="GD_ProtectorBase">
		<defName>GD_Protector_Carbine</defName>
		<label>보호자들</label>
		<labelPlural>보호자들</labelPlural>
		<apparelAllowHeadgearChance>1</apparelAllowHeadgearChance>
		<weaponTags>
			<li>GD_Carbine</li>
			<li>GD_Shotgun</li>
			<li>GD_Rifle</li>
		</weaponTags>
		<apparelRequired>
			<li>Apparel_SecurityArmor</li>
			<li>Apparel_MedicH</li>
		</apparelRequired>
		<weaponMoney>
			<min>1900</min>
			<max>1900</max>
		</weaponMoney>
    </PawnKindDef>
	
	<PawnKindDef ParentName="GD_ProtectorBase">
		<defName>GD_Protector_DMR</defName>
		<label>순찰 선임자</label>
		<labelPlural>순찰 선임자들</labelPlural>
		<combatPower>135</combatPower>
		<weaponTags>
			<li>GD_DMR</li>
		</weaponTags>
		<apparelRequired>
			<li>Apparel_SecurityArmor</li>
			<li>Apparel_NomadH</li>
		</apparelRequired>
		<weaponMoney>
			<min>1900</min>
			<max>1900</max>
		</weaponMoney>
		<skills>
		  <li>
			<skill>Shooting</skill>
			<range>9~12</range>
		  </li>
		</skills>
    </PawnKindDef>
	
	<PawnKindDef ParentName="GD_ProtectorBase">
		<defName>GD_Protector_LMG</defName>
		<label>지시자</label>
		<labelPlural>지시자들</labelPlural>
		<combatPower>145</combatPower>
		<weaponTags>
			<li>GD_LMG</li>
		</weaponTags>
		<apparelRequired>
			<li>Apparel_SecurityArmor</li>
			<li>Apparel_PioneerH</li>
		</apparelRequired>
		<weaponMoney>
			<min>1900</min>
			<max>1900</max>
		</weaponMoney>
    </PawnKindDef>
	
	<PawnKindDef ParentName="GD_ProtectorBase">
		<defName>GD_Protector_Grenadier</defName>
		<label>폭격수</label>
		<labelPlural>폭격수들</labelPlural>
		<combatPower>175</combatPower>
		<canBeSapper>true</canBeSapper>
		<weaponTags>
			<li>GD_GrenadeLauncher</li>
			<li>GD_INGrenadeLauncher</li>
		</weaponTags>
		<apparelRequired>
			<li>Apparel_SecurityArmor</li>
			<li>Apparel_PioneerH</li>
		</apparelRequired>
		<weaponMoney>
			<min>1900</min>
			<max>1900</max>
		</weaponMoney>
    </PawnKindDef>
	
	<PawnKindDef ParentName="GD_ProtectorBase">
		<defName>GD_Protector_Sapper</defName>
		<label>개선자</label>
		<labelPlural>개선자들</labelPlural>
		<combatPower>145</combatPower>
		<canBeSapper>true</canBeSapper>
		<weaponTags>
			<li>GD_Grenades</li>
			<li>GD_Flakker</li>
		</weaponTags>
		<apparelRequired>
			<li>Apparel_PioneerArmor</li>
			<li>Apparel_SecurityHelmet</li>
		</apparelRequired>
		<weaponMoney>
			<min>1900</min>
			<max>1900</max>
		</weaponMoney>
    </PawnKindDef>
	
	<PawnKindDef ParentName="GD_ProtectorBase">
		<defName>GD_Protector_Recon</defName>
		<label>돌격대원</label>
		<labelPlural>돌격대</labelPlural>
		<combatPower>135</combatPower>
		<weaponTags>
			<li>GD_SMG</li>
			<li>GD_MachinePistol</li>
			<li>GD_Shotgun</li>
		</weaponTags>
		<apparelRequired>
			<li>Apparel_NomadArmor</li>
			<li>Apparel_MedicH</li>
		</apparelRequired>
		<weaponMoney>
			<min>1900</min>
			<max>1900</max>
		</weaponMoney>
    </PawnKindDef>
	
	<!--Elites : Full Elite Armor-->
	
	<PawnKindDef Name="GD_EliteBase" ParentName="GD_ElitePawn" Abstract="True">
		<combatPower>220</combatPower>
		<isFighter>true</isFighter>
		<canBeSapper>false</canBeSapper>
		<itemQuality Inherit="False" >Excellent</itemQuality>
		<apparelMoney>
			<min>37500</min>
			<max>37500</max>
		</apparelMoney>
		<apparelTags>
			<li>CO_Carbonsuit</li>
		</apparelTags>
		<apparelAllowHeadgearChance>1</apparelAllowHeadgearChance>
		<weaponMoney>
			<min>9000</min>
			<max>9000</max>
		</weaponMoney>
		<skills>
		  <li>
			<skill>Shooting</skill>
			<range>9~15</range>
		  </li>
		</skills>
		<specificApparelRequirements>
			<li>
				<color>(233,233,211)</color>
			</li>
		</specificApparelRequirements>
    </PawnKindDef>
	
	<PawnKindDef ParentName="GD_EliteBase">
		<defName>GD_Elite_Pioneer</defName>
		<label>개척자</label>
		<labelPlural>개척자들</labelPlural>
		<apparelRequired>
			<li>Apparel_PioneerArmor</li>
			<li>Apparel_PioneerH</li>
		</apparelRequired>
		<combatPower>220</combatPower>
		<weaponTags>
			<li>GD_HybridRifle</li>
		</weaponTags>
		<factionLeader>true</factionLeader>
    </PawnKindDef>
	
	<PawnKindDef ParentName="GD_EliteBase">
		<defName>GD_Elite_Nomad</defName>
		<label>정예 유랑자</label>
		<labelPlural>정예 유랑자들</labelPlural>
		<apparelTags>
			<li>CO_Shieldbelt</li>
		</apparelTags>
		<apparelRequired>
			<li>Apparel_NomadArmor</li>
			<li>Apparel_NomadH</li>
		</apparelRequired>
		<skills>
		  <li>
			<skill>Melee</skill>
			<range>10~16</range>
		  </li>
		</skills>
		<combatPower>200</combatPower>
		<weaponTags>
			<li>GD_Knife</li>
		</weaponTags>
		<factionLeader>true</factionLeader>
    </PawnKindDef>
	
	<PawnKindDef ParentName="GD_EliteBase">
		<defName>GD_Elite_Sniper</defName>
		<label>징수자</label>
		<labelPlural>징수자들</labelPlural>
		<apparelRequired>
			<li>Apparel_NomadArmor</li>
			<li>Apparel_NomadH</li>
		</apparelRequired>
		<skills>
		  <li>
			<skill>Shooting</skill>
			<range>13~18</range>
		  </li>
		</skills>
		<combatPower>200</combatPower>
		<weaponTags>
			<li>GD_DMR</li>
		</weaponTags>
		<factionLeader>true</factionLeader>
    </PawnKindDef>
	
	<PawnKindDef ParentName="GD_EliteBase">
		<defName>GD_Elite_Medic</defName>
		<label>의무병</label>
		<labelPlural>의무병들</labelPlural>
		<apparelRequired>
			<li>Apparel_MedicArmor</li>
			<li>Apparel_MedicH</li>
		</apparelRequired>
		<skills>
		  <li>
			<skill>Medicine</skill>
			<range>9~12</range>
		  </li>
		</skills>
		<combatPower>180</combatPower>
		<weaponTags>
			<li>GD_HybridPistol</li>
		</weaponTags>
		<factionLeader>true</factionLeader>
    </PawnKindDef>
	
</Defs>