<Defs>
	<PawnKindDef ParentName ="RCF_BasePawn" Name="TE_BasePawn" Abstract="True">
		<defaultFactionType>Tisiphone_Enterprise</defaultFactionType>
		<apparelTags>
			<li>CO_Carbonsuit</li>
		</apparelTags>
		<skills>
			<li>
				<skill>Shooting</skill>
				<range>8~14</range>
			</li>
		</skills>
		<weaponMoney>1500~5000</weaponMoney>
	</PawnKindDef>

	<PawnKindDef ParentName ="RCF_ElitePawn" Name="TE_ElitePawn" Abstract="True">
		<defaultFactionType>Tisiphone_Enterprise</defaultFactionType>
		<apparelTags>
			<li>CO_Carbonsuit</li>
		</apparelTags>
		<skills>
			<li>
				<skill>Shooting</skill>
				<range>11~19</range>
			</li>
		</skills>
		<weaponMoney>2000~7500</weaponMoney>
	</PawnKindDef>

	<PawnKindDef ParentName="TE_BasePawn">
		<defName>TE_Recruit</defName>
		<label>참회자</label>
		<labelPlural>참회자들</labelPlural>
		<combatPower>55</combatPower>
		<weaponTags>
			<li>TE_KineticPistol</li>
		</weaponTags>
		<isFighter>true</isFighter>
		<canBeSapper>false</canBeSapper>
		<apparelRequired>
			<li>Apparel_SimpleHelmet</li>
		</apparelRequired>
		<apparelMoney>
			<min>600</min>
			<max>1000</max>
		</apparelMoney>
		<specificApparelRequirements>
			<li>
				<color>(255,251,254)</color>
			</li>
		</specificApparelRequirements>
		<apparelAllowHeadgearChance>0.45</apparelAllowHeadgearChance>
	</PawnKindDef>
	
	<PawnKindDef ParentName="TE_BasePawn">
		<defName>TE_Melee</defName>
		<label>알렉토</label>
		<labelPlural>알렉토들</labelPlural>
		<combatPower>145</combatPower>
		<isFighter>true</isFighter>
		<canBeSapper>false</canBeSapper>
		<apparelMoney>
			<min>3500</min>
			<max>4500</max>
		</apparelMoney>
		<apparelRequired>
			<li>Apparel_CloseCombatArmor</li>
			<li>Apparel_CloseCombatHelmet</li>
		</apparelRequired>
		<weaponTags>
			<li>TE_Eris</li>
		</weaponTags>
		<skills>
			<li>
				<skill>Melee</skill>
				<range>9~14</range>
			</li>
		</skills>
		<specificApparelRequirements>
			<li>
				<color>(255,251,254)</color>
			</li>
		</specificApparelRequirements>
		<apparelAllowHeadgearChance>1</apparelAllowHeadgearChance>
	</PawnKindDef>

	<PawnKindDef ParentName="TE_BasePawn">
		<defName>TE_Soldier</defName>
		<label>메가이라</label>
		<labelPlural>메가이라들</labelPlural>
		<combatPower>155</combatPower>
		<isFighter>true</isFighter>
		<canBeSapper>false</canBeSapper>
		<apparelMoney>
			<min>3500</min>
			<max>4500</max>
		</apparelMoney>
		<apparelRequired>
			<li>Apparel_HazardCarapace</li>
			<li>Apparel_HazardCarapaceH</li>
		</apparelRequired>
		<weaponTags>
			<li>TE_KineticRifle</li>
			<li>TE_ThuddGun</li>
			<li>TE_KineticLongRifle</li>
		</weaponTags>
		<apparelAllowHeadgearChance>0.8</apparelAllowHeadgearChance>
	</PawnKindDef>

	<PawnKindDef ParentName="JI_ElitePawn">
		<defName>TE_Elite</defName>
		<label>티시포네</label>
		<labelPlural>티시포네들</labelPlural>
		<combatPower>165</combatPower>
		<isFighter>true</isFighter>
		<canBeSapper>true</canBeSapper>
		<apparelRequired>
			<li>Apparel_ReflactorArmor</li>
			<li>Apparel_ReflactorArmorH</li>
		</apparelRequired>
		<weaponTags>
			<li>TE_KineticLance</li>
			<li>TE_StormCannon</li>
			<li>TE_Grief</li>
		</weaponTags>
		<apparelMoney>
			<min>4500</min>
			<max>5500</max>
		</apparelMoney>
		<apparelAllowHeadgearChance>0.9</apparelAllowHeadgearChance>
	</PawnKindDef>

	<PawnKindDef ParentName="TE_ElitePawn">
		<defName>TE_Officer</defName>
		<label>에리니스</label>
		<labelPlural>에리니스들</labelPlural>
		<combatPower>200</combatPower>
		<isFighter>true</isFighter>
		<canBeSapper>false</canBeSapper>
		<itemQuality Inherit="False" >Excellent</itemQuality>
		<apparelRequired>
			<li>Apparel_ReflactorArmor</li>
			<li>Apparel_ReflactorArmorH</li>
		</apparelRequired>
		<weaponTags>
			<li>TE_KineticLongRifle</li>
			<li>TE_KineticLance</li>
			<li>TE_StormCannon</li>
		</weaponTags>
		<apparelMoney>
			<min>5500</min>
			<max>6500</max>
		</apparelMoney>
		<apparelAllowHeadgearChance>0.8</apparelAllowHeadgearChance>
	</PawnKindDef>

	<PawnKindDef ParentName="TE_ElitePawn">
		<defName>TE_Leader</defName>
		<label>네메시스</label>
		<labelPlural>네메시스들</labelPlural>
		<combatPower>350</combatPower>
		<isFighter>true</isFighter>
		<canBeSapper>false</canBeSapper>
		<factionLeader>true</factionLeader>
		<itemQuality Inherit="False" >Masterwork</itemQuality>
		<apparelRequired>
			<li>Apparel_ReflactorArmor</li>
			<li>Apparel_ReflactorArmorH</li>
		</apparelRequired>
		<weaponTags>
			<li>TE_KineticLongRifle</li>
			<li>TE_KineticLance</li>
			<li>TE_StormCannon</li>
		</weaponTags>
		<apparelMoney>
			<min>7500</min>
			<max>9500</max>
		</apparelMoney>
		<apparelAllowHeadgearChance>1</apparelAllowHeadgearChance>
	</PawnKindDef>
</Defs>