﻿<?xml version="1.0" encoding="UTF-8"?>
<LanguageData> <!-- Recipes --> <MakeAmmo_12GaugeBP_Buck.label>12 게이지 산탄 (BP)(벅샷) 200발 만들기</MakeAmmo_12GaugeBP_Buck.label>
  <MakeAmmo_12GaugeBP_Buck.description>12 게이지 산탄 (BP)(벅샷) 200발 만들기</MakeAmmo_12GaugeBP_Buck.description>
  <MakeAmmo_12GaugeBP_Buck.jobString>12 게이지 산탄 (BP)(벅샷) 200발 제작중</MakeAmmo_12GaugeBP_Buck.jobString>

  <MakeAmmo_12GaugeBP_Bird.label>12 게이지 산탄 (BP)(버드샷) 200발 만들기</MakeAmmo_12GaugeBP_Bird.label>
  <MakeAmmo_12GaugeBP_Bird.description>12 게이지 산탄 (BP)(버드샷) 200발 만들기</MakeAmmo_12GaugeBP_Bird.description>
  <MakeAmmo_12GaugeBP_Bird.jobString>12 게이지 산탄 (BP)(버드샷) 200발 제작중</MakeAmmo_12GaugeBP_Bird.jobString>

  <MakeAmmo_12GaugeBP_Slug.label>12 게이지 산탄 (BP)(슬러그) 200발 만들기</MakeAmmo_12GaugeBP_Slug.label>
  <MakeAmmo_12GaugeBP_Slug.description>12 게이지 산탄 (BP)(슬러그) 200발 만들기</MakeAmmo_12GaugeBP_Slug.description>
  <MakeAmmo_12GaugeBP_Slug.jobString>12 게이지 산탄 (BP)(슬러그) 200발 제작중</MakeAmmo_12GaugeBP_Slug.jobString>


</LanguageData>