﻿<?xml version="1.0" encoding="UTF-8"?>
<LanguageData> <!-- Recipes --> <MakeAmmo_12PndCannonShell_Solid.label>12파운더 야포 금속탄 5발 만들기</MakeAmmo_12PndCannonShell_Solid.label>
  <MakeAmmo_12PndCannonShell_Solid.description>12파운더 야포 금속탄 5발 만들기</MakeAmmo_12PndCannonShell_Solid.description>
  <MakeAmmo_12PndCannonShell_Solid.jobString>12파운더 야포 금속탄 5발 제작중</MakeAmmo_12PndCannonShell_Solid.jobString>

  <MakeAmmo_12PndCannonShell_ES.label>12파운더 야포 고폭탄 5발 만들기</MakeAmmo_12PndCannonShell_ES.label>
  <MakeAmmo_12PndCannonShell_ES.description>12파운더 야포 고폭탄 5발 만들기</MakeAmmo_12PndCannonShell_ES.description>
  <MakeAmmo_12PndCannonShell_ES.jobString>12파운더 야포 고폭탄 5발 제작중</MakeAmmo_12PndCannonShell_ES.jobString>

  <MakeAmmo_12PndCannonShell_CS.label>12파운더 야포 산탄 5발 만들기</MakeAmmo_12PndCannonShell_CS.label>
  <MakeAmmo_12PndCannonShell_CS.description>12파운더 야포 산탄 5발 만들기</MakeAmmo_12PndCannonShell_CS.description>
  <MakeAmmo_12PndCannonShell_CS.jobString>12파운더 야포 산탄 5발 제작중</MakeAmmo_12PndCannonShell_CS.jobString>


</LanguageData>