﻿<?xml version="1.0" encoding="UTF-8"?>
<LanguageData> <!-- SPECIAL: These Recipes from makeable ThingDefs (which include <recipeMaker>), generated by RimTrans --> <!-- Recipe Users: ElectricTailoringBench, HandTailoringBench --> <Make_RWP_Apparel_Pocketwatch.label>시계 만들기</Make_RWP_Apparel_Pocketwatch.label>
  <Make_RWP_Apparel_Pocketwatch.description>시계 만들기</Make_RWP_Apparel_Pocketwatch.description>
  <Make_RWP_Apparel_Pocketwatch.jobString>시계 제작중</Make_RWP_Apparel_Pocketwatch.jobString>

  <Make_RWP_Apparel_DeputySheriffBadge.label>자치보안관보 뱃지 만들기</Make_RWP_Apparel_DeputySheriffBadge.label>
  <Make_RWP_Apparel_DeputySheriffBadge.description>자치보안관보 뱃지 만들기</Make_RWP_Apparel_DeputySheriffBadge.description>
  <Make_RWP_Apparel_DeputySheriffBadge.jobString>자치보안관보 뱃지 제작중</Make_RWP_Apparel_DeputySheriffBadge.jobString>

  <Make_RWP_Apparel_SheriffBadge.label>자치보안관 뱃지 만들기</Make_RWP_Apparel_SheriffBadge.label>
  <Make_RWP_Apparel_SheriffBadge.description>자치보안관 뱃지 만들기</Make_RWP_Apparel_SheriffBadge.description>
  <Make_RWP_Apparel_SheriffBadge.jobString>자치보안관 뱃지 제작중</Make_RWP_Apparel_SheriffBadge.jobString>

  <Make_RWP_Apparel_Bandolier.label>탄띠 만들기</Make_RWP_Apparel_Bandolier.label>
  <Make_RWP_Apparel_Bandolier.description>탄띠 만들기</Make_RWP_Apparel_Bandolier.description>
  <Make_RWP_Apparel_Bandolier.jobString>탄띠 제작중</Make_RWP_Apparel_Bandolier.jobString>

  <Make_RWP_Apparel_Chaps.label>홀스터 가죽바지 만들기</Make_RWP_Apparel_Chaps.label>
  <Make_RWP_Apparel_Chaps.description>홀스터 가죽바지 만들기</Make_RWP_Apparel_Chaps.description>
  <Make_RWP_Apparel_Chaps.jobString>홀스터 가죽바지 제작중</Make_RWP_Apparel_Chaps.jobString>

  <Make_RWP_Apparel_MedicalApron.label>수술가운 만들기</Make_RWP_Apparel_MedicalApron.label>
  <Make_RWP_Apparel_MedicalApron.description>수술가운 만들기</Make_RWP_Apparel_MedicalApron.description>
  <Make_RWP_Apparel_MedicalApron.jobString>수술가운 제작중</Make_RWP_Apparel_MedicalApron.jobString>

  <Make_RWP_Apparel_LeatherApron.label>가죽 앞치마 만들기</Make_RWP_Apparel_LeatherApron.label>
  <Make_RWP_Apparel_LeatherApron.description>가죽 앞치마 만들기</Make_RWP_Apparel_LeatherApron.description>
  <Make_RWP_Apparel_LeatherApron.jobString>가죽 앞치마 제작중</Make_RWP_Apparel_LeatherApron.jobString>

  <Make_RWP_Apparel_ClothApron.label>천 앞치마 만들기</Make_RWP_Apparel_ClothApron.label>
  <Make_RWP_Apparel_ClothApron.description>천 앞치마 만들기</Make_RWP_Apparel_ClothApron.description>
  <Make_RWP_Apparel_ClothApron.jobString>천 앞치마 제작중</Make_RWP_Apparel_ClothApron.jobString>

  <Make_RWP_Apparel_TraderCoat.label>상인의 코트 만들기</Make_RWP_Apparel_TraderCoat.label>
  <Make_RWP_Apparel_TraderCoat.description>상인의 코트 만들기</Make_RWP_Apparel_TraderCoat.description>
  <Make_RWP_Apparel_TraderCoat.jobString>상인의 코트 제작중</Make_RWP_Apparel_TraderCoat.jobString>

  <Make_RWP_Apparel_Poncho.label>판초 만들기</Make_RWP_Apparel_Poncho.label>
  <Make_RWP_Apparel_Poncho.description>판초 만들기</Make_RWP_Apparel_Poncho.description>
  <Make_RWP_Apparel_Poncho.jobString>판초 제작중</Make_RWP_Apparel_Poncho.jobString>

  <Make_RWP_Apparel_Longcoat.label>롱코트 만들기</Make_RWP_Apparel_Longcoat.label>
  <Make_RWP_Apparel_Longcoat.description>롱코트 만들기</Make_RWP_Apparel_Longcoat.description>
  <Make_RWP_Apparel_Longcoat.jobString>롱코트 제작중</Make_RWP_Apparel_Longcoat.jobString>

  <Make_RWP_Apparel_Waistcoat.label>조끼 만들기</Make_RWP_Apparel_Waistcoat.label>
  <Make_RWP_Apparel_Waistcoat.description>조끼 만들기</Make_RWP_Apparel_Waistcoat.description>
  <Make_RWP_Apparel_Waistcoat.jobString>조끼 제작중</Make_RWP_Apparel_Waistcoat.jobString>

  <Make_RWP_Apparel_BanditScarf.label>갱단 스카프 만들기</Make_RWP_Apparel_BanditScarf.label>
  <Make_RWP_Apparel_BanditScarf.description>갱단 스카프 만들기</Make_RWP_Apparel_BanditScarf.description>
  <Make_RWP_Apparel_BanditScarf.jobString>갱단 스카프 제작중</Make_RWP_Apparel_BanditScarf.jobString>

  <Make_RWP_Apparel_DesperadoHat.label>무법자 모자 만들기</Make_RWP_Apparel_DesperadoHat.label>
  <Make_RWP_Apparel_DesperadoHat.description>무법자 모자 만들기</Make_RWP_Apparel_DesperadoHat.description>
  <Make_RWP_Apparel_DesperadoHat.jobString>무법자 모자 제작중</Make_RWP_Apparel_DesperadoHat.jobString>

  <Make_RWP_Apparel_PaddyHat.label>삿갓 만들기</Make_RWP_Apparel_PaddyHat.label>
  <Make_RWP_Apparel_PaddyHat.description>삿갓 만들기</Make_RWP_Apparel_PaddyHat.description>
  <Make_RWP_Apparel_PaddyHat.jobString>삿갓 제작중</Make_RWP_Apparel_PaddyHat.jobString>

  <Make_RWP_Apparel_TopHat.label>탑햇 만들기</Make_RWP_Apparel_TopHat.label>
  <Make_RWP_Apparel_TopHat.description>탑햇 만들기</Make_RWP_Apparel_TopHat.description>
  <Make_RWP_Apparel_TopHat.jobString>탑햇 제작중</Make_RWP_Apparel_TopHat.jobString>

  <Make_RWP_Apparel_FeatheredTopHat.label>깃털 달린 탑햇 만들기</Make_RWP_Apparel_FeatheredTopHat.label>
  <Make_RWP_Apparel_FeatheredTopHat.description>깃털 달린 탑햇 만들기</Make_RWP_Apparel_FeatheredTopHat.description>
  <Make_RWP_Apparel_FeatheredTopHat.jobString>깃털 달린 탑햇 제작중</Make_RWP_Apparel_FeatheredTopHat.jobString>

  <Make_RWP_Apparel_Kepi.label>케피 만들기</Make_RWP_Apparel_Kepi.label>
  <Make_RWP_Apparel_Kepi.description>케피 만들기</Make_RWP_Apparel_Kepi.description>
  <Make_RWP_Apparel_Kepi.jobString>케피 제작중</Make_RWP_Apparel_Kepi.jobString>

  <Make_RWP_Apparel_Spectacles.label>안경 만들기</Make_RWP_Apparel_Spectacles.label>
  <Make_RWP_Apparel_Spectacles.description>안경 만들기</Make_RWP_Apparel_Spectacles.description>
  <Make_RWP_Apparel_Spectacles.jobString>안경 제작중</Make_RWP_Apparel_Spectacles.jobString>

  <Make_RWP_Apparel_Sombrero.label>솜브레로 만들기</Make_RWP_Apparel_Sombrero.label>
  <Make_RWP_Apparel_Sombrero.description>솜브레로 만들기</Make_RWP_Apparel_Sombrero.description>
  <Make_RWP_Apparel_Sombrero.jobString>솜브레로 제작중</Make_RWP_Apparel_Sombrero.jobString>

  <Make_RWP_Apparel_StablehandTrousers.label>마굿간쟁이의 바지 만들기</Make_RWP_Apparel_StablehandTrousers.label>
  <Make_RWP_Apparel_StablehandTrousers.description>마굿간쟁이의 바지 만들기</Make_RWP_Apparel_StablehandTrousers.description>
  <Make_RWP_Apparel_StablehandTrousers.jobString>마굿간쟁이의 바지 제작중</Make_RWP_Apparel_StablehandTrousers.jobString>

  <Make_RWP_Apparel_GentPants.label>신사복 하의 만들기</Make_RWP_Apparel_GentPants.label>
  <Make_RWP_Apparel_GentPants.description>신사복 하의 만들기</Make_RWP_Apparel_GentPants.description>
  <Make_RWP_Apparel_GentPants.jobString>신사복 하의 제작중</Make_RWP_Apparel_GentPants.jobString>

  <Make_RWP_Apparel_PatchworkPants.label>누비바지 만들기</Make_RWP_Apparel_PatchworkPants.label>
  <Make_RWP_Apparel_PatchworkPants.description>누비바지 만들기</Make_RWP_Apparel_PatchworkPants.description>
  <Make_RWP_Apparel_PatchworkPants.jobString>누비바지 제작중</Make_RWP_Apparel_PatchworkPants.jobString>

  <Make_RWP_Apparel_Jeans.label>청바지 만들기</Make_RWP_Apparel_Jeans.label>
  <Make_RWP_Apparel_Jeans.description>청바지 만들기</Make_RWP_Apparel_Jeans.description>
  <Make_RWP_Apparel_Jeans.jobString>청바지 제작중</Make_RWP_Apparel_Jeans.jobString>

  <Make_RWP_Apparel_PrairieSkirt.label>주름치마 만들기</Make_RWP_Apparel_PrairieSkirt.label>
  <Make_RWP_Apparel_PrairieSkirt.description>주름치마 만들기</Make_RWP_Apparel_PrairieSkirt.description>
  <Make_RWP_Apparel_PrairieSkirt.jobString>주름치마 제작중</Make_RWP_Apparel_PrairieSkirt.jobString>

  <Make_RWP_Apparel_LeatherPants.label>나팔바지 만들기</Make_RWP_Apparel_LeatherPants.label>
  <Make_RWP_Apparel_LeatherPants.description>나팔바지 만들기</Make_RWP_Apparel_LeatherPants.description>
  <Make_RWP_Apparel_LeatherPants.jobString>나팔바지 제작중</Make_RWP_Apparel_LeatherPants.jobString>

  <Make_RWP_Apparel_Overalls.label>멜빵옷 만들기</Make_RWP_Apparel_Overalls.label>
  <Make_RWP_Apparel_Overalls.description>멜빵옷 만들기</Make_RWP_Apparel_Overalls.description>
  <Make_RWP_Apparel_Overalls.jobString>멜빵옷 제작중</Make_RWP_Apparel_Overalls.jobString> <!-- Recipe Users: TableMachining --> <Make_RWP_Shell_ExplosiveShell.label>12파운더 야포 포탄 만들기</Make_RWP_Shell_ExplosiveShell.label>
  <Make_RWP_Shell_ExplosiveShell.description>12파운더 야포 포탄 만들기</Make_RWP_Shell_ExplosiveShell.description>
  <Make_RWP_Shell_ExplosiveShell.jobString>12파운더 야포 포탄 제작중</Make_RWP_Shell_ExplosiveShell.jobString> <!-- Recipe Users: TableMachining, ElectricSmithy, FueledSmithy --> <Make_Gun_M1822Musket.label>스프링필드 M1822 머스킷 만들기</Make_Gun_M1822Musket.label>
  <Make_Gun_M1822Musket.description>스프링필드 M1822 머스킷 만들기</Make_Gun_M1822Musket.description>
  <Make_Gun_M1822Musket.jobString>스프링필드 M1822 머스킷 제작중</Make_Gun_M1822Musket.jobString>

  <Make_Gun_M1822MusketBayoneted.label>착검한 스프링필드 M1822 머스킷 만들기</Make_Gun_M1822MusketBayoneted.label>
  <Make_Gun_M1822MusketBayoneted.description>착검한 스프링필드 M1822 머스킷 만들기</Make_Gun_M1822MusketBayoneted.description>
  <Make_Gun_M1822MusketBayoneted.jobString>착검한 스프링필드 M1822 머스킷 제작중</Make_Gun_M1822MusketBayoneted.jobString> <!-- Recipe Users: TableMachining --> <Make_Gun_Coach.label>더블 배럴 샷건 만들기</Make_Gun_Coach.label>
  <Make_Gun_Coach.description>더블 배럴 샷건 만들기</Make_Gun_Coach.description>
  <Make_Gun_Coach.jobString>더블 배럴 샷건 제작중</Make_Gun_Coach.jobString>

  <Make_Gun_SawnOff.label>소드오프 샷건 만들기</Make_Gun_SawnOff.label>
  <Make_Gun_SawnOff.description>소드오프 샷건 만들기</Make_Gun_SawnOff.description>
  <Make_Gun_SawnOff.jobString>소드오프 샷건 제작중</Make_Gun_SawnOff.jobString>

  <Make_Gun_ThreeCrowns.label>트리플 배럴 샷건 만들기</Make_Gun_ThreeCrowns.label>
  <Make_Gun_ThreeCrowns.description>트리플 배럴 샷건 만들기</Make_Gun_ThreeCrowns.description>
  <Make_Gun_ThreeCrowns.jobString>트리플 배럴 샷건 제작중</Make_Gun_ThreeCrowns.jobString>

  <Make_Gun_ColtPeacemaker.label>콜트 싱글액션아미 만들기</Make_Gun_ColtPeacemaker.label>
  <Make_Gun_ColtPeacemaker.description>콜트 싱글액션아미 만들기</Make_Gun_ColtPeacemaker.description>
  <Make_Gun_ColtPeacemaker.jobString>콜트 싱글액션아미 제작중</Make_Gun_ColtPeacemaker.jobString>

  <Make_Gun_ColtBuntline.label>콜트 번트라인 스페셜 만들기</Make_Gun_ColtBuntline.label>
  <Make_Gun_ColtBuntline.description>콜트 번트라인 스페셜 만들기</Make_Gun_ColtBuntline.description>
  <Make_Gun_ColtBuntline.jobString>콜트 번트라인 스페셜 제작중</Make_Gun_ColtBuntline.jobString>

  <Make_Gun_ColtFrontier.label>콜트 프론티어 식스슈터 만들기</Make_Gun_ColtFrontier.label>
  <Make_Gun_ColtFrontier.description>콜트 프론티어 식스슈터 만들기</Make_Gun_ColtFrontier.description>
  <Make_Gun_ColtFrontier.jobString>콜트 프론티어 식스슈터 제작중</Make_Gun_ColtFrontier.jobString>

  <Make_Gun_ColtOpenTop.label>콜트 오픈탑 만들기</Make_Gun_ColtOpenTop.label>
  <Make_Gun_ColtOpenTop.description>콜트 오픈탑 만들기</Make_Gun_ColtOpenTop.description>
  <Make_Gun_ColtOpenTop.jobString>콜트 오픈탑 제작중</Make_Gun_ColtOpenTop.jobString>

  <Make_Gun_M1878Colt.label>콜트 M1878 리볼버 만들기</Make_Gun_M1878Colt.label>
  <Make_Gun_M1878Colt.description>콜트 M1878 리볼버 만들기</Make_Gun_M1878Colt.description>
  <Make_Gun_M1878Colt.jobString>콜트 M1878 리볼버 제작중</Make_Gun_M1878Colt.jobString>

  <Make_Gun_Colt_OneEightFiveFive_Revolving_Rifle.label>콜트 리볼빙 라이플 만들기</Make_Gun_Colt_OneEightFiveFive_Revolving_Rifle.label>
  <Make_Gun_Colt_OneEightFiveFive_Revolving_Rifle.description>콜트 리볼빙 라이플 만들기</Make_Gun_Colt_OneEightFiveFive_Revolving_Rifle.description>
  <Make_Gun_Colt_OneEightFiveFive_Revolving_Rifle.jobString>콜트 리볼빙 라이플 제작중</Make_Gun_Colt_OneEightFiveFive_Revolving_Rifle.jobString>

  <Make_Gun_Henry_Rifle.label>윈체스터 1860 헨리 라이플 만들기</Make_Gun_Henry_Rifle.label>
  <Make_Gun_Henry_Rifle.description>윈체스터 1860 헨리 라이플 만들기</Make_Gun_Henry_Rifle.description>
  <Make_Gun_Henry_Rifle.jobString>윈체스터 1860 헨리 라이플 제작중</Make_Gun_Henry_Rifle.jobString>

  <Make_Gun_Winchester_OneEightSevenThree.label>윈체스터 M1873 만들기</Make_Gun_Winchester_OneEightSevenThree.label>
  <Make_Gun_Winchester_OneEightSevenThree.description>윈체스터 M1873 만들기</Make_Gun_Winchester_OneEightSevenThree.description>
  <Make_Gun_Winchester_OneEightSevenThree.jobString>윈체스터 M1873 제작중</Make_Gun_Winchester_OneEightSevenThree.jobString>

  <Make_Gun_Winchester_OneEightSevenSix.label>윈체스터 M1886 만들기</Make_Gun_Winchester_OneEightSevenSix.label>
  <Make_Gun_Winchester_OneEightSevenSix.description>윈체스터 M1886 만들기</Make_Gun_Winchester_OneEightSevenSix.description>
  <Make_Gun_Winchester_OneEightSevenSix.jobString>윈체스터 M1873 제작중</Make_Gun_Winchester_OneEightSevenSix.jobString>

  <Make_Gun_Marlin_M_OneEightNineFourC_Rifle.label>마를린 M1894 만들기</Make_Gun_Marlin_M_OneEightNineFourC_Rifle.label>
  <Make_Gun_Marlin_M_OneEightNineFourC_Rifle.description>마를린 M1894 만들기</Make_Gun_Marlin_M_OneEightNineFourC_Rifle.description>
  <Make_Gun_Marlin_M_OneEightNineFourC_Rifle.jobString>마를린 M1894 제작중</Make_Gun_Marlin_M_OneEightNineFourC_Rifle.jobString>

  <Make_Gun_M_OneEightSixThree_Sharps_Carbine.label>M1863 샤프스 카빈 만들기</Make_Gun_M_OneEightSixThree_Sharps_Carbine.label>
  <Make_Gun_M_OneEightSixThree_Sharps_Carbine.description>M1863 샤프스 카빈 만들기</Make_Gun_M_OneEightSixThree_Sharps_Carbine.description>
  <Make_Gun_M_OneEightSixThree_Sharps_Carbine.jobString>M1863 샤프스 카빈 제작중</Make_Gun_M_OneEightSixThree_Sharps_Carbine.jobString>

  <Make_Gun_M_OneEightSevenFour_Sharps.label>M1874 샤프스 만들기</Make_Gun_M_OneEightSevenFour_Sharps.label>
  <Make_Gun_M_OneEightSevenFour_Sharps.description>M1874 샤프스 만들기</Make_Gun_M_OneEightSevenFour_Sharps.description>
  <Make_Gun_M_OneEightSevenFour_Sharps.jobString>M1874 샤프스 제작중</Make_Gun_M_OneEightSevenFour_Sharps.jobString> <!-- Recipe Users: ElectricSmithy, FueledSmithy --> <Make_MeleeWeapon_SpikeBayonet.label>총검 만들기</Make_MeleeWeapon_SpikeBayonet.label>
  <Make_MeleeWeapon_SpikeBayonet.description>총검 만들기</Make_MeleeWeapon_SpikeBayonet.description>
  <Make_MeleeWeapon_SpikeBayonet.jobString>총검 제작중</Make_MeleeWeapon_SpikeBayonet.jobString>

  <Make_MeleeWeapon_BowieKnife.label>보위 나이프 만들기</Make_MeleeWeapon_BowieKnife.label>
  <Make_MeleeWeapon_BowieKnife.description>보위 나이프 만들기</Make_MeleeWeapon_BowieKnife.description>
  <Make_MeleeWeapon_BowieKnife.jobString>보위 나이프 제작중</Make_MeleeWeapon_BowieKnife.jobString>

  <Make_MeleeWeapon_M1840Saber.label>M1840 헨리 중기병 세이버 만들기 </Make_MeleeWeapon_M1840Saber.label>
  <Make_MeleeWeapon_M1840Saber.description>M1840 헨리 중기병 세이버 만들기 </Make_MeleeWeapon_M1840Saber.description>
  <Make_MeleeWeapon_M1840Saber.jobString>M1840 헨리 중기병 세이버 제작중</Make_MeleeWeapon_M1840Saber.jobString>

  <Make_MeleeWeapon_M1860Saber.label>M1860 경기병 세이버 만들기</Make_MeleeWeapon_M1860Saber.label>
  <Make_MeleeWeapon_M1860Saber.description>M1860 경기병 세이버 만들기</Make_MeleeWeapon_M1860Saber.description>
  <Make_MeleeWeapon_M1860Saber.jobString>M1860 경기병 세이버 제작중</Make_MeleeWeapon_M1860Saber.jobString>


</LanguageData>